Sequence,miRNAName,hsa_LungadenocA549mock,hsa_LungadenocA549IFNa,hsa_LungadenocA549IFNb,hsa_LungadenocA549IFNg,hsa_KidneyembryoHEK293,hsa_KidneyembryoHEK293exp,hsa_KidneyembryoHEK2936d,hsa_KidneyembryoHEK293Fas12
CAUAAAGUAGAAAGCACUACU,hsa-mir-142-5p,0,0,1,0,0,26,6,0
UGUAGUGUUUCCUACUUUAUGGA,hsa-mir-142-3p,0,0,0,0,0,3,1,0
UAGCAGCACGUAAAUAUUGGCG,hsa-mir-16-5p,53,52,54,37,15,38,72,55
CCAGUAUUAACUGUGCUGCUGA,hsa-mir-16-3p,0,0,0,0,0,0,0,1
UAGCUUAUCAGACUGAUGUUGA,hsa-mir-21-5p,144,230,183,198,0,0,4,3
CAACACCAGUCGAUGGGCUGU,hsa-mir-21-3p,0,1,3,1,0,0,0,0
UAGCAGCACAUAAUGGUUUGUG,hsa-mir-15a-5p,14,8,8,18,21,30,34,34
CAGGCCAUAUUGUGCUGCCUCA,hsa-mir-15a-3p,0,0,0,0,0,0,0,0
UAGCACCAUUUGAAAUCAGUGUU,hsa-mir-29b-5p,17,34,15,14,1,1,6,5
CUGGUUUCACAUGGUGGCUUAG,hsa-mir-29b-3p,2,2,2,1,0,0,0,0
UGAGGUAGUAGGUUGUAUAGUU,hsa-let-7a-5p,59,44.8333,46,33.5,0,5,2,11
CUAUACAAUCUACUGUCUUUCU,hsa-let-7a-3p,0,0,0,0,0,0,0,0
UCGUACCGUGAGUAAUAAUGCG,hsa-mir-126-5p,4,4,3,6,0,2,0,2
CAUUAUUACUUUUGGUACGCG,hsa-mir-126-3p,5,9,8,3,0,0,0,1
UGAGAUGAAGCACUGUAGCUCU,hsa-mir-143-5p,0,0,0,0,0,0,1,0
GGUGCAGUGCUGCAUCUCUGGU,hsa-mir-143-3p,0,0,0,0,0,0,0,0
UGAGGUAGUAGGUUGUGUGGUU,hsa-let-7b-5p,35,19,12,10,0,0,0,1
CUAUACAACCUACUGCCUUCCC,hsa-let-7b-3p,0,0,0,0,0,0,0,0
UUCACAGUGGCUAAGUUCCGC,hsa-mir-27a-5p,16.5,26.5,25,22.5,0,0,1,0
AGGGCUUAGCUGCUUGUGAGCA,hsa-mir-27a-3p,0,0,0,0,0,0,0,0
UGAGGUAGUAGAUUGUAUAGUU,hsa-let-7f-5p,61,41.3333,34,28,0,0,5,8
CUAUACAGUCUACUGUCUUUCC,hsa-let-7f-3p,0,0,0,0,0,0,0,0
UCUUUGGUUAUCUAGCUGUAUGA,hsa-mir-9-5p,1,1,1,3,0,1,6,3
AUAAAGCUAGAUAACCGAAAGU,hsa-mir-9-3p,0,2,0,1,0,0,3,1
UUCAAGUAAUCCAGGAUAGGCU,hsa-mir-26a-5p,5,8,2,6,0,2,8,3.5
CCUAUUCUUGAUUACUUGUUUC,hsa-mir-26a-3p,0,0,0,0,0,0,0,0
UGGCUCAGUUCAGCAGGAACAG,hsa-mir-24-5p,23,33,43,21,1,3,5,2
UGCCUACUGAGCUGAUAUCAGU,hsa-mir-24-3p,0,0,1,0,0,0,0,0
UGUAAACAUCCUUGACUGGAAG,hsa-mir-30e-5p,4,8,2,7,1,3,7,7
CUUUCAGUCGGAUGUUUACAGC,hsa-mir-30e-3p,0,0,0,0,0,0,0,0
AACAUUCAACGCUGUCGGUGAGU,hsa-mir-181a-5p,1,2,1,2,0,1,1,3
ACCACUGACCGUUGACUGUACC,hsa-mir-181a-3p,0,0,0,0,0,0,0,0
UAGCACCAUCUGAAAUCGGUUA,hsa-mir-29a-5p,7,5,9,9,0,0,0,0
ACUGAUUUCUUUUGGUGUUCAG,hsa-mir-29a-3p,0,0,0,0,0,0,0,0
UAAGGCACGCGGUGAAUGCC,hsa-mir-124-5p,0,0,0,0,0,1,3,1
CGUGUUCACAGCGGACCUUGAU,hsa-mir-124-3p,0,0,0,0,0,0,0,0
UACAGUAUAGAUGAUGUACU,hsa-mir-144-5p,0,0,0,0,0,0,0,0
GGAUAUCAUCAUAUACUGUAAG,hsa-mir-144-3p,0,0,0,0,0,0,0,0
UGUAAACAUCCCCGACUGGAAG,hsa-mir-30d-5p,3,1,6,2,2,4.5,8,3
CUUUCAGUCAGAUGUUUGCUGC,hsa-mir-30d-3p,0,1,0,0,0,0,0,0
UGUGCAAAUCCAUGCAAAACUGA,hsa-mir-19b-5p,1,12,10,8,14,16,25,80
AGUUUUGCAGGUUUGCAUUUCA,hsa-mir-19b-3p,0,0,0,0,0,0,1,2
AAGCUGCCAGUUGAAGAACUGU,hsa-mir-22-5p,0,10,5,6,0,2,3,4
AGUUCUUCAGUGGCAAGCUUUA,hsa-mir-22-3p,0,0,0,0,0,0,0,0
UGGAGUGUGACAAUGGUGUUUG,hsa-mir-122-5p,0,0,0,0,0,0,0,0
AACGCCAUUAUCACACUAAAUA,hsa-mir-122-3p,0,0,0,0,0,0,0,0
UCUCCCAACCCUUGUACCAGUG,hsa-mir-150-5p,0,0,0,0,0,1,0,0
CUGGUACAGGCCUGGGGGACAG,hsa-mir-150-3p,0,0,0,0,0,0,0,0
UAUUGCACAUUACUAAGUUGCA,hsa-mir-32-5p,16,23,9,8,1,15,12,15
CAAUUUAGUGUGUGUGAUAUUU,hsa-mir-32-3p,0,0,0,0,0,0,0,0
UUAAUGCUAAUCGUGAUAGGGGU,hsa-mir-155-5p,0,0,0,0,0,0,0,0
CUCCUACAUAUUAGCAUUAACA,hsa-mir-155-3p,0,0,0,0,0,0,0,0
CAGUGGUUUUACCCUAUGGUAG,hsa-mir-140-5p,8,17,5,14,1,4,3,9
UACCACAGGGUAGAACCACGG,hsa-mir-140-3p,0,0,0,0,0,1,0,1
UCCCUGAGACCCUAACUUGUGA,hsa-mir-125b-5p,2,3,0,1,0,0,0,0
ACGGGUUAGGCUCUUGGGAGCU,hsa-mir-125b-3p,0,0,0,0,0,0,0,0
CACCCGUAGAACCGACCUUGCG,hsa-mir-99b-5p,8,9,6,6,0,0,6,5
CAAGCUCGUGUCUGUGGGUCCG,hsa-mir-99b-3p,0,0,0,0,0,0,0,0
UAACACUGUCUGGUAAAGAUGG,hsa-mir-141-5p,0,1,1,0,0,0,0,0
CAUCUUCCAGUACAGUGUUGGA,hsa-mir-141-3p,0,0,0,0,0,0,0,0
UAUUGCACUUGUCCCGGCCUGU,hsa-mir-92a-5p,5,7,5,5,2,9,43,39
AGGUUGGGAUCGGUUGCAAUGCU,hsa-mir-92a-3p,0,0,0,0,0,0,0,0
CAGCAGCAAUUCAUGUUUUGAA,hsa-mir-424-5p,7,13,14,26,0,10,27,32
CAAAACGUGAGGCGCUGCUAU,hsa-mir-424-3p,0,0,0,1,0,0,0,0
CAACGGAAUCCCAAAAGCAGCUG,hsa-mir-191-5p,7,6,5,5,3,4,8,5
GCUGCGCUUGGAUUUCGUCCCC,hsa-mir-191-3p,0,0,0,0,0,0,0,0
CAAAGUGCUUACAGUGCAGGUAG,hsa-mir-17-5p,3,6,5,7,9,16.5,28,17.8333
ACUGCAGUGAAGGCACUUGUAG,hsa-mir-17-3p,0,2,0,0,0,3,6,3
CAGUGCAAUGUUAAAAGGGCAU,hsa-mir-130a-5p,6,4,5,4,0,0,0,0
UUCACAUUGUGCUACUGUCUGC,hsa-mir-130a-3p,0,0,0,0,0,0,0,0
UAAAGUGCUUAUAGUGCAGGUAG,hsa-mir-20a-5p,3,7,4,4,3,13,25,30.8333
ACUGCAUUAUGAGCACUUAAAG,hsa-mir-20a-3p,0,0,0,0,0,1,0,1
UUCACAGUGGCUAAGUUCUGC,hsa-mir-27b-5p,28.5,32.5,40,17.5,0,2,4,0
AGAGCUUAGCUGAUUGGUGAAC,hsa-mir-27b-3p,0,1,0,0,0,0,0,0
UUCAAGUAAUUCAGGAUAGGU,hsa-mir-26b-5p,3,6,5,6,0,0,5,2.5
CCUGUUCUCCAUUACUUGGCUC,hsa-mir-26b-3p,0,0,0,0,0,0,0,0
UGAGAACUGAAUUCCAUGGGUU,hsa-mir-146a-5p,0,0,0,0,0,0,0,0
CCUCUGAAAUUCAGUUCUUCAG,hsa-mir-146a-3p,0,0,0,0,0,0,0,0
UAAUACUGCCGGGUAAUGAUGGA,hsa-mir-200c-5p,0,0,0,0,0,0,0,2
CGUCUUACCCAGCAGUGUUUGG,hsa-mir-200c-3p,0,0,0,0,0,0,0,0
AACCCGUAGAUCCGAUCUUGUG,hsa-mir-99a-5p,1,0,0,3,2,0,4,0
CAAGCUCGCUUCUAUGGGUCUG,hsa-mir-99a-3p,0,0,0,0,0,0,0,0
UGUGCAAAUCUAUGCAAAACUGA,hsa-mir-19a-5p,9,11,7,5,3,24,21,69
AGUUUUGCAUAGUUGCACUACA,hsa-mir-19a-3p,0,0,0,1,0,0,0,0
AUCACAUUGCCAGGGAUUUCC,hsa-mir-23a-5p,8,9.5,14,8,0,0,1,0
GGGGUUCCUGGGGAUGGGAUUU,hsa-mir-23a-3p,0,0,0,0,0,0,0,0
UGUAAACAUCCUCGACUGGAAG,hsa-mir-30a-5p,11,12,12,10,1,2.5,2,1
CUUUCAGUCGGAUGUUUGCAGC,hsa-mir-30a-3p,1,1,3,2,0,0,0,0
UGAGGUAGUAGUUUGUGCUGUU,hsa-let-7i-5p,25,26,22.5,31,0,0,0,0
CUGCGCAAGCUACUGCCUUGCU,hsa-let-7i-3p,0,0,0,0,0,0,0,0
CAAAGUGCUGUUCGUGCAGGUAG,hsa-mir-93-5p,4,2,3,4,3,7,16,2
ACUGCUGAGCUAGCACUUCCCG,hsa-mir-93-3p,0,0,0,0,0,0,0,0
UGAGGUAGUAGGUUGUAUGGUU,hsa-let-7c-5p,3,3,0,2.5,0,1,0,1
UAGAGUUACACCCUGGGAGUUA,hsa-let-7c-3p,0,0,0,0,0,0,0,0
UAAAGUGCUGACAGUGCAGAU,hsa-mir-106b-5p,2,4,4,1,1,4,5,16
CCGCACUGUGGGUACUUGCUGC,hsa-mir-106b-3p,0,0,0,0,0,0,0,0
UACAGUACUGUGAUAACUGAA,hsa-mir-101-5p,1,0,2,0,0,2,3,0
CAGUUAUCACAGUGCUGAUGCU,hsa-mir-101-3p,0,0,0,0,0,0,0,0
UGAGGUAGUAGUUUGUACAGUU,hsa-let-7g-5p,0,3.33333,2.5,3,0,0,0,1
CUGUACAGGCCACUGCCUUGCU,hsa-let-7g-3p,0,0,0,0,0,0,0,0
AAUGACACGAUCACUCCCGUUGA,hsa-mir-425-5p,3,2,0,2,0,3,6,3
AUCGGGAAUGUCGUGUCCGCCC,hsa-mir-425-3p,0,0,0,0,0,0,1,0
UAGCAGCACAUCAUGGUUUACA,hsa-mir-15b-5p,6,6,8,3,1,8,4,6
CGAAUCAUUAUUUGCUGCUCUA,hsa-mir-15b-3p,0,0,0,0,0,0,0,0
AAGGAGCUCACAGUCUAUUGAG,hsa-mir-28-5p,2,5,3,4,0,2,1,0
CACUAGAUUGUGAGCUCCUGGA,hsa-mir-28-3p,1,4,2,3,0,0,0,0
UAAGGUGCAUCUAGUGCAGAUAG,hsa-mir-18a-5p,1,1.5,2.5,1,17,18.5,20,36
ACUGCCCUAAGUGCUCCUUCUGG,hsa-mir-18a-3p,1,0,0,0,0,3,2,0
AAACCGUUACCAUUACUGAGUU,hsa-mir-451-5p,0,0,0,0,0,0,0,0
CAUUGCACUUGUCUCGGUCUGA,hsa-mir-25-5p,3,5,8,2,0,2,12,9
AGGCGGAGACUUGGGCAAUUG,hsa-mir-25-3p,0,0,0,0,0,0,0,2
AUCACAUUGCCAGGGAUUACC,hsa-mir-23b-5p,12,9.5,7,7,0,0,0,1
UAAGUGCUUCCAUGUUUUGGUGA,hsa-mir-302a-5p,0,0,0,0,0,0,0,0
ACUUAAACGUGGAUGUACUUGCU,hsa-mir-302a-3p,0,0,0,0,0,0,0,0
CAAAGAAUUCUCCUUUUGGGCU,hsa-mir-186-5p,3,8,2,5,1,2,7,18
GCCCAAAGGUGAAUUUUUUGGG,hsa-mir-186-3p,0,0,0,0,0,0,1,1
UAGCACCAUUUGAAAUCGGUUA,hsa-mir-29c-5p,1,3,2,1,0,0,1,4
UGACCGAUUUCUCCUGGUGUUC,hsa-mir-29c-3p,0,0,0,0,0,0,0,0
UGGAAGACUAGUGAUUUUGUUGU,hsa-mir-7-5p,2,8,1,4,0,0,0,16
CAACAAAUCCCAGUCUACCUAA,hsa-mir-7-3p,0,0,0,0,0,0,0,0
AGAGGUAGUAGGUUGCAUAGUU,hsa-let-7d-5p,5,6,2.5,2,0,0,0,0
CUAUACGACCUGCUGCCUUUCU,hsa-let-7d-3p,0,0,0,0,0,0,0,0
UGUAAACAUCCUACACUCUCAGC,hsa-mir-30c-5p,1,3,1,0,0,0,5,1
CUGGGAGAAGGCUGUUUACUCU,hsa-mir-30c-3p,0,2,0,0,0,0,0,0
AACAUUCAUUGCUGUCGGUGGGU,hsa-mir-181b-5p,2,1,1,2,0,1,1,1
UGUCAGUUUGUCAAAUACCCCA,hsa-mir-223-5p,0,0,0,0,0,0,0,0
CGUGUAUUUGACAAGCUGAGUU,hsa-mir-223-3p,0,0,0,0,0,0,0,0
AAAAGCUGGGUUGAGAGGGCGA,hsa-mir-320-5p,0,4,3,7,0,2,1,2
UUAUAAUACAACCUGAUAAGUG,hsa-mir-374a-5p,9,3,7,8,0,1,5,1
CUUAUCAGAUUGUAUUGUAAUU,hsa-mir-374a-3p,0,0,0,0,0,0,0,0
UGAGGUAGGAGGUUGUAUAGUU,hsa-let-7e-5p,15,9.5,8.5,5,0,1,0,2
CUAUACGGCCUCCUAGCUUUCC,hsa-let-7e-3p,0,0,0,0,0,0,0,0
UCGAGGAGCUCACAGUCUAGU,hsa-mir-151-5p,3,5,3,10,0,0,6,5
CUAGACUGAAGCUCCUUGAGG,hsa-mir-151-3p,1,0,1,3,0,1,1,0
AUAUAAUACAACCUGCUAAGUG,hsa-mir-374b-5p,4,7,6,4,0,1,2,3
CUUAGCAGGUUGUAUUAUCAUU,hsa-mir-374b-3p,0,3,0,0,0,0,0,1
AAUUGCACUUUAGCAAUGGUGA,hsa-mir-367-5p,0,0,0,0,0,0,0,0
ACUGUUGCUAAUAUGCAACUCU,hsa-mir-367-3p,0,0,0,0,0,0,0,0
UAGGUAGUUUCCUGUUGUUGGG,hsa-mir-196b-5p,0,0,1,0,3,35,23,38
AACCCGUAGAUCCGAACUUGUG,hsa-mir-100-5p,2,1,1,0,0,0,0,0
CAAGCUUGUAUCUAUAGGUAUG,hsa-mir-100-3p,0,0,0,0,0,0,0,0
AGCAGCAUUGUACAGGGCUAUGA,hsa-mir-103-5p,1,1,0,2,0,1,4,3
UUUGGCACUAGCACAUUUUUGCU,hsa-mir-96-5p,1,2,6,2,0,0,6,3
AAUCAUGUGCAGUGCCAAUAUG,hsa-mir-96-3p,0,0,0,0,0,0,0,0
UAAGUGCUUCCAUGUUUUAGUAG,hsa-mir-302b-5p,0,0,0,0,0,0,0,0
ACUUUAACAUGGAAGUGCUUUC,hsa-mir-302b-3p,0,0,0,0,0,0,0,0
UGUAACAGCAACUCCAUGUGGA,hsa-mir-194-5p,6,4,8,4,0,0,0,0
CCAGUGGGGCUGCUGUUAUCUG,hsa-mir-194-3p,0,0,0,0,0,0,0,0
UCCCUGAGACCCUUUAACCUGUGA,hsa-mir-125a-5p,2,0,1,2,0,1,1,0
ACAGGUGAGGUUCUUGGGAGCC,hsa-mir-125a-3p,0,0,1,1,0,0,0,0
UGAGGGGCAGAGAGCGAGACUUU,hsa-mir-423-5p,2,0,3,0,0,0,0,2
AGCUCGGUCUGAGGCCCCUCAGU,hsa-mir-423-3p,0,0,0,0,0,0,0,2
AGCUACAUUGUCUGCUGGGUUUC,hsa-mir-221-5p,0,0,2,1,2,2,5,8
ACCUGGCAUACAAUGUAGAUUU,hsa-mir-221-3p,0,0,0,0,0,0,0,0
GUCCAGUUUUCCCAGGAAUCCCU,hsa-mir-145-5p,0,0,0,0,0,0,0,0
GGAUUCCUGGAAAUACUGUUCU,hsa-mir-145-3p,0,0,0,0,0,0,0,0
AACAUAGAGGAAAUUCCACGU,hsa-mir-368-5p,0,0,2,2,0,0,0,0
UAGCAGCACAGAAAUAUUGGC,hsa-mir-195-5p,0,0,0,1,0,0,1,2
CCAAUAUUGGCUGUGCUGCUCC,hsa-mir-195-3p,0,0,0,0,0,0,0,0
AGCUACAUCUGGCUACUGGGU,hsa-mir-222-5p,0,4,1,3,1,0,2,1
CUCAGUAGCCAGUGUAGAUCCU,hsa-mir-222-3p,0,0,0,0,0,0,0,0
UCACAGUGAACCGGUCUCUUU,hsa-mir-128a-5p,0,0,1,0,0,0,1,2
UAAGUGCUUCCAUGUUUCAGUGG,hsa-mir-302c-5p,0,0,0,0,0,0,0,0
UUUAACAUGGGGGUACCUGCUG,hsa-mir-302c-3p,0,0,0,0,0,0,0,0
UGGAGAGAAAGGCAGUUCCUGA,hsa-mir-185-5p,1,1,0,0,1,0,0,2
AGGGGCUGGCUUUCCUCUGGUC,hsa-mir-185-3p,0,0,0,0,0,0,0,0
UGUAAACAUCCUACACUCAGCU,hsa-mir-30b-5p,0,2,1,1,0,1,2,2
CUGGGAGGUGGAUGUUUACUUC,hsa-mir-30b-3p,0,0,0,0,0,0,0,0
CUGUGCGUGUGACAGCGGCUGA,hsa-mir-210-5p,0,0,0,0,0,0,0,0
UUUGUUCGUUCGGCUCGCGUGA,hsa-mir-375-5p,0,0,0,0,0,0,0,0
UUUGGCAAUGGUAGAACUCACACU,hsa-mir-182-5p,7,4,3,7,0,3,2,4
GUGAGGUAACAGGAUCCGGUGG,hsa-mir-182-3p,0,0,0,0,0,0,0,0
UAGGUAGUUUCAUGUUGUUGGG,hsa-mir-196a-5p,2,4,3,0,6,2,3,8
CGGCAACAAGAAACUGCCUGAG,hsa-mir-196a-3p,0,0,0,0,0,0,0,1
AGGCAAGAUGCUGGCAUAGCU,hsa-mir-31-5p,10,14,11,12,0,0,3,2
UGCUAUGCCAACAUAUUGCCAU,hsa-mir-31-3p,0,0,0,0,0,0,0,0
ACUCCAUUUGUUUUGAUGAUGGA,hsa-mir-136-5p,0,0,0,0,0,0,0,0
CAUCAUCGUCUCAAAUGAGUCU,hsa-mir-136-3p,0,0,0,0,0,0,0,0
UACCCUGUAGAUCCGAAUUUGUG,hsa-mir-10a-5p,2,4,4,0,2,12,10,26
CAAAUUCGUAUCUAGGGGAAUA,hsa-mir-10a-3p,0,0,0,0,0,2,1,0
UAAGUGCUUCCAUGUUUGAGUGU,hsa-mir-302d-5p,0,0,0,0,0,0,0,0
ACUUUAACAUGGAGGCACUUGC,hsa-mir-302d-3p,0,0,0,0,0,0,0,0
AAGGAGCUUACAAUCUAGCUGGG,hsa-mir-708-5p,0,0,0,0,0,1,1,0
CAACUAGACUGUGAGCUUCUAG,hsa-mir-708-3p,0,0,0,0,0,0,0,0
CGCAUCCCCUAGGGCAUUGGUGU,hsa-mir-324-5p,0,1,0,0,0,0,8,1
ACUGCCCCAGGUGCUGCUGGU,hsa-mir-324-3p,1,0,0,0,1,1,0,0
AACUGGCCUACAAAGUCCCAGU,hsa-mir-193a-3p,0,0,1,0,0,0,1,0
UGGGUCUUUGCGGGCGAGAUGA,hsa-mir-193a-5p,0,1,0,0,0,0,0,0
UUAUUGCUUAAGAAUACGCGUAG,hsa-mir-137-5p,1,2,1,0,0,0,0,0
ACUGGACUUGGAGUCAGAAGG,hsa-mir-378-5p,0,2,2,0,0,1,4,12
CUCCUGACUCCAGGUCCUGUGU,hsa-mir-378-3p,0,0,0,0,0,0,1,0
UAUGGCUUUUCAUUCCUAUGUGA,hsa-mir-135b-5p,0,0,0,0,0,0,0,0
AUGUAGGGCUAAAAGCCAUGGG,hsa-mir-135b-3p,0,0,0,0,0,0,0,0
UCUCACACAGAAAUCGCACCCGU,hsa-mir-342-3p,1,0,0,0,0,0,0,0
AGGGGUGCUAUCUGUGAUUGA,hsa-mir-342-5p,0,0,0,0,0,0,0,0
UCCUUCAUUCCACCGGAGUCUG,hsa-mir-205-5p,0,0,0,0,0,0,0,0
CUGACCUAUGAAUUGACAGCC,hsa-mir-192-5p,8,10,7,9,0,0,0,0
CUGCCAAUUCCAUAGGUCACAG,hsa-mir-192-3p,0,0,1,0,0,0,0,0
UACCCUGUAGAACCGAAUUUGUG,hsa-mir-10b-5p,1,0,0,0,0,1,6,11
ACAGAUUCGAUUCUAGGGGAAU,hsa-mir-10b-3p,0,0,0,0,0,0,0,0
UGCGGGGCUAGGGCUAACAGCA,hsa-mir-744-5p,1,0,0,1,0,1,0,1
CUGUUGCCACUAACCUCAACCU,hsa-mir-744-3p,0,0,0,0,0,0,0,0
AAUUGCACGGUAUCCAUCUGUA,hsa-mir-363-5p,0,0,0,0,0,0,0,0
CGGGUGGAUCACGAUGCAAUUU,hsa-mir-363-3p,0,0,0,0,0,0,0,0
UAGCAGCGGGAACAGUUCUGCAG,hsa-mir-503-5p,0,0,2,2,0,1,5,2
CAGUGCAAUGAUGAAAGGGCAU,hsa-mir-130b-5p,0,0,0,0,0,0,0,3
ACUCUUUCCCUGUUGCACUAC,hsa-mir-130b-3p,0,0,0,0,0,0,0,0
ACAGCAGGCACAGACAGGCAGU,hsa-mir-214-5p,0,0,0,0,0,1,0,0
UGCCUGUCUACACUUGCUGUGC,hsa-mir-214-3p,0,0,0,0,0,0,0,0
UAGUGCAAUAUUGCUUAUAGGGU,hsa-mir-454-5p,0,1,0,2,0,1,0,2
ACCCUAUCAAUAUUGUCUCUGC,hsa-mir-454-3p,0,0,0,0,0,0,0,0
UGGUAGACUAUGGAACGUAGG,hsa-mir-379-5p,0,0,0,0,0,0,0,0
UAUGUAACAUGGUCCACUAACU,hsa-mir-379-3p,0,0,0,0,0,0,0,0
CAGUGCAAUAGUAUUGUCAAAGC,hsa-mir-301-5p,0,0,1,0,0,0,0,0
UGAGGUAGUAAGUUGUAUUGUU,hsa-mir-98-5p,4,1,0,5,0,0,0,0
UGGCAGUGUCUUAGCUGGUUGU,hsa-mir-34a-5p,0,1,0,0,0,0,1,1
CAAUCAGCAAGUAUACUGCCCU,hsa-mir-34a-3p,0,0,0,0,0,0,0,0
GUGCAUUGUAGUUGCAUUG,hsa-mir-33-5p,0,0,0,0,0,1,3,0
CAAUGUUUCCACAGUGCAUCAC,hsa-mir-33a-3p,0,0,0,0,0,0,0,0
UGAGCGCCUCGACGACAGAGCCG,hsa-mir-339-3p,0,0,0,2,0,2,0,3
UCCCUGUCCUCCAGGAGCUCACG,hsa-mir-339-5p,0,0,0,0,1,0,1,0
CAGUGCAAUGAUAUUGUCAAAGC,hsa-mir-301b-5p,1,0,0,0,0,0,1,4
AUCACACAAAGGCAACUUUUGU,hsa-mir-377-5p,0,0,0,0,0,0,0,0
AGAGGUUGCCCUUGGUGAAUUC,hsa-mir-377-3p,0,0,0,0,0,0,0,0
AACUGGCCCUCAAAGUCCCGCU,hsa-mir-193b-5p,1,1,0,0,0,1,1,0
CGGGGUUUUGAGGGCGAGAUGA,hsa-mir-193b-3p,0,0,0,0,0,0,0,0
UAAUACUGCCUGGUAAUGAUGA,hsa-mir-200b-5p,0,0,0,0,0,0,0,0
CAUCUUACUGGGCAGCAUUGGA,hsa-mir-200b-3p,0,0,0,0,0,0,0,0
AAUGGCGCCACUAGGGUUGUGU,hsa-mir-652-5p,0,0,0,1,0,2,0,0
UUGCAUAGUCACAAAAGUGAUC,hsa-mir-153-5p,0,0,0,0,0,0,3,0
CGGGUCGGAGUUAGCUCAAGCGG,hsa-mir-886-5p,2,1,1,1,0,0,0,0
CGCGGGUGCUUACUGACCCUU,hsa-mir-886-3p,0,0,0,1,0,0,0,0
CAAAGUGCUCAUAGUGCAGGUAG,hsa-mir-20b-5p,0,0,0,0,0,0.5,0,0.333333
ACUGUAGUAUGGGCACUUCCAG,hsa-mir-20b-3p,0,0,0,0,0,0,0,0
AGCUGGUGUUGUGAAUCAGGCCG,hsa-mir-138-5p,0,1,0,0,0,0,0,0
GCUACUUCACAACACCAGGGCC,hsa-mir-138-3p,1,0,0,0,0,0,0,0
UAACACUGUCUGGUAACGAUGU,hsa-mir-200a-5p,0,0,0,0,0,0,0,0
CAUCUUACCGGACAGUGCUGGA,hsa-mir-200a-3p,0,0,0,0,0,1,0,0
CCCAGUGUUCAGACUACCUGUUC,hsa-mir-199a-5p,0,0,0,0,0,0,0,0
CCCAGUGUUUAGACUAUCUGUUC,hsa-mir-199b-5p,0,0,0,0,0,0,0,0
ACAGUAGUCUGCACAUUGGUUA,hsa-mir-199b-3p,0,0,0,0,0,1,0,0
GUGCAUUGCUGUUGCAUUGC,hsa-mir-33b-5p,1,1,0,1,1,2,0,0
CAGUGCCUCGGCAGUGCAGCCC,hsa-mir-33b-3p,0,1,0,0,0,0,0,0
AAAAGUGCUUACAGUGCAGGUAG,hsa-mir-106a-5p,0,0,0,0,0,0,0,0
CUGCAAUGUAAGCACUUCUUAC,hsa-mir-106a-3p,0,0,0,0,0,0,0,0
UAUGGCACUGGUAGAAUUCACU,hsa-mir-183-5p,2,2,2,4,0,0,2,2
GUGAAUUACCGAAGGGCCAUAA,hsa-mir-183-3p,0,0,0,0,0,0,0,0
UAUUGCACUCGUCCCGGCCUCC,hsa-mir-92b-5p,1,1,1,0,0,0,2,1
AGGGACGGGACGCGGUGCAGUG,hsa-mir-92b-3p,0,0,0,0,0,0,0,0
UGUGACUGGUUGACCAGAGGGG,hsa-mir-134-5p,0,0,0,0,0,0,0,0
UAACAGUCUACAGCCAUGGUCG,hsa-mir-132-5p,0,0,0,1,0,0,1,2
ACCGUGGCUUUCGAUUGUUACU,hsa-mir-132-3p,0,0,0,0,0,0,0,0
UCAGUGCACUACAGAACUUUGU,hsa-mir-148a-5p,0,0,0,0,0,0,1,0
AAAGUUCUGAGACACUCCGACU,hsa-mir-148a-3p,0,0,0,0,0,0,0,0
UUGUGCUUGAUCUAACCAUGU,hsa-mir-218-5p,0,0,0,0,0,2,1,7
AUGGUUCCGUCAAGCACCAUGG,hsa-mir-218-3p,0,0,0,0,0,0,1,0
UAAUGCCCCUAAAAAUCCUUAU,hsa-mir-365-5p,0,1,4,1,0,0,1,0
CAGCAGCACACUGUGGUUUGU,hsa-mir-497-5p,0,0,0,0,0,0,0,0
CAAACCACACUGUGGUGUUAGA,hsa-mir-497-3p,0,0,0,0,0,0,0,0
CACGCUCAUGCACACACCCACA,hsa-mir-574-3p,0,0,0,0,0,0,0,0
UGAGUGUGUGUGUGUGAGUGUGU,hsa-mir-574-5p,1,0,0,1,0,0,0,0
AGGGGGAAAGUUCUAUAGUCC,hsa-mir-625-5p,0,1,0,1,0,0,1,0
GACUAUAGAACUUUCCCCCUCA,hsa-mir-625-3p,0,0,0,0,0,0,0,0
UUGAAAGGCUAUUUCUUGGUCU,hsa-mir-488-5p,0,0,0,0,0,0,0,0
CUUUUUGCGGUCUGGGCUUGC,hsa-mir-129-5p,0,0,0,0,0,0,1,0
AAGCCCUUACCCCAAAAAGCAU,hsa-mir-129-3p,0,0,0,0,0,0,1,0
GCUGACUCCUAGUCCAGGGCUC,hsa-mir-345-5p,0,0,0,0,0,0,0,0
CAAAGCGCUCCCCUUUAGAGGU,hsa-mir-518b-5p,0,0,0,0,0,0,0,0
AUCGUGCAUCCCUUUAGAGUGU,hsa-mir-517a-5p,0,0,0,0,0,0,0,0
AUCAACAGACAUUAAUUGGGCGC,hsa-mir-421-5p,1,0,0,0,0,0,1,3
GGCCUCAUUAAAUGUUUGUUG,hsa-mir-421-3p,0,0,0,0,0,0,0,0
UUCACCACCUUCUCCACCCAGC,hsa-mir-197-5p,0,0,0,0,0,1,1,0
UAAGGUGCAUCUAGUGCAGUUAG,hsa-mir-18b-5p,0,0.5,0.5,0,0,0.5,0,0
UGCCCUAAAUGCCCCUUCUGGC,hsa-mir-18b-3p,0,0,0,0,0,0,0,0
UCAAGAGCAAUAACGAAAAAUGU,hsa-mir-335-5p,1,1,0,2,0,0,0,0
UUUUUCAUUAUUGCUCCUGACC,hsa-mir-335-3p,0,0,0,0,0,0,0,0
AUCAUAGAGGAAAAUCCACGU,hsa-mir-376a-5p,0,0,0,0,0,0,0,0
GUAGAUUCUCCUUCUAUGAGUA,hsa-mir-376a-3p,0,0,0,0,0,0,0,0
UUAUCAGAAUCUCCAGGGGUAC,hsa-mir-361-5p,1,1,0,0,0,0,0,1
UCCCCCAGGUGUGAUUCUGAUUU,hsa-mir-361-3p,0,0,0,0,0,0,0,0
AAGACGGGAGGAAAGAAGGGAG,hsa-mir-483-5p,0,0,0,0,0,0,0,0
UCACUCCUCUCCUCCCGUCUU,hsa-mir-483-3p,0,0,0,0,0,0,0,0
CGUCAACACUUGCUGGUUUCCU,hsa-mir-505-5p,0,1,1,1,0,0,0,0
GGGAGCCAGGAAGUAUUGAUGU,hsa-mir-505-3p,0,0,0,0,0,0,0,0
UAUACAAGGGCAAGCUCUCUGU,hsa-mir-381-5p,0,0,0,0,0,0,0,0
GUAGAGGAGAUGGCGCAGGG,hsa-mir-877-5p,0,0,1,0,0,0,0,0
UCCUCUUCUCCCUCCUCCCAGG,hsa-mir-877-3p,0,0,0,0,0,0,0,0
GUGAAAUGUUUAGGACCACUAG,hsa-mir-203-5p,0,0,0,0,0,0,0,0
UAGUAGACCGUAUAGCGUACG,hsa-mir-411-5p,0,0,0,0,0,0,0,0
UAUGUAACACGGUCCACUAACC,hsa-mir-411-3p,0,0,0,0,0,0,0,0
UCAGUGCAUGACAGAACUUGG,hsa-mir-152-5p,0,1,0,0,0,0,0,0
CAUGCCUUGAGUGUAGGACCGU,hsa-mir-532-5p,0,0,0,0,0,0,0,0
CCUCCCACACCCAAGGCUUGCA,hsa-mir-532-3p,0,0,0,0,0,1,0,1
CAAGUCACUAGUGGUUCCGUU,hsa-mir-224-5p,1,5,4,3,0,0,0,0
UAGGUUAUCCGUGUUGCCUUCG,hsa-mir-154-5p,0,0,0,0,0,0,0,0
AAUCAUACACGGUUGACCUAUU,hsa-mir-154-3p,0,0,0,0,0,0,0,0
CCUCUGGGCCCUUCCUCCAGU,hsa-mir-326-5p,0,0,0,0,0,0,0,0
GAAGUGCUUCGAUUUUGGGGUGU,hsa-mir-373-5p,0,0,0,0,0,0,0,0
UAUGGCUUUUUAUUCCUAUGUGA,hsa-mir-135a-5p,0,0,0,0,0,0,0,0
UAUAGGGAUUGGAGCCGUGGCG,hsa-mir-135a-3p,0,0,0,0,0,0,0,0
AGAGGUAUAGGGCAUGGGAA,hsa-mir-202-5p,0,0,0,0,0,0,0,0
UUCCUAUGCAUAUACUUCUUUG,hsa-mir-202-3p,0,0,0,0,0,0,0,0
UUAUAAAGCAAUGAGACUGAUU,hsa-mir-340-5p,0,1,0,0,0,1,1,1
UCCGUCUCAGUUACUUUAUAGC,hsa-mir-340-3p,0,0,0,0,0,0,0,0
AGCAGCAUUGUACAGGGCUAUCA,hsa-mir-107-5p,0,0,0,0,0,0,0,0
UCUACAGUGCACGUGUCUCCAG,hsa-mir-139-5p,0,0,0,0,0,0,0,0
GGAGACGCGGCCCUGUUGGAGU,hsa-mir-139-3p,0,0,0,0,0,0,0,0
UCAGCAAACAUUUAUUGUGUGC,hsa-mir-545-5p,0,1,0,0,0,0,0,0
UCAGUAAAUGUUUAUUAGAUGA,hsa-mir-545-3p,0,0,0,0,0,0,0,0
UCCAGCAUCAGUGAUUUUGUUG,hsa-mir-338-3p,0,0,0,0,0,1,1,0
AACAAUAUCCUGGUGCUGAGUG,hsa-mir-338-5p,0,0,0,0,0,0,0,0
UCGGAUCCGUCUGAGCUUGGCU,hsa-mir-127-3p,0,0,0,0,0,0,0,0
CUGAAGCUCAGAGGGCUCUGAU,hsa-mir-127-5p,0,0,0,0,0,0,0,0
AUCUGGAGGUAAGAAGCACUUU,hsa-mir-516b-5p,0,0,0,0,0,0,0,0
GCAGUCCAUGGGCAUAUACAC,hsa-mir-455-3p,0,0,0,0,0,1,0,0
UAUGUGCCUUUGGACUACAUCG,hsa-mir-455-5p,0,0,0,0,0,0,0,0
UAAUCCUUGCUACCUGGGUGAGA,hsa-mir-500-5p,0,0,0,0,0,0,0,0
AUGCACCUGGGCAAGGAUUCUG,hsa-mir-500-3p,0,0,0,0,0,0,0,0
UCAGGCUCAGUCCCCUCCCGAU,hsa-mir-484-5p,0,1,0,0,0,0,0,1
UAAUCUCAGCUGGCAACUGUGA,hsa-mir-216a-5p,0,0,0,0,0,0,0,0
CAAAGCGCUUCUCUUUAGAGUGU,hsa-mir-518c-5p,0,0,0,0,0,0,0,0
UGGAAUGUAAAGAAGUAUGUAU,hsa-mir-1-5p,0,0,0,0,0,0,0,0
UAAUUUUAUGUAUAAGCUAGU,hsa-mir-590-3p,2,1,0,0,0,0,1,1
GAGCUUAUUCAUAAAAGUGCAG,hsa-mir-590-5p,0,0,0,0,0,0,0,0
AAAGUGCUGCGACAUUUGAGCGU,hsa-mir-372-5p,0,0,0,0,0,0,0,0
UCAGUGCAUCACAGAACUUUGU,hsa-mir-148b-5p,0,0,0,0,0,0,0,0
AAGUUCUGUUAUACACUCAGGC,hsa-mir-148b-3p,0,0,0,0,0,0,0,0
AACAUUCAACCUGUCGGUGAGU,hsa-mir-181c-5p,0,0,0,0,0,0,0,0
AACCAUCGACCGUUGAGUGGAC,hsa-mir-181c-3p,0,0,0,0,0,0,0,0
UGCAACGAACCUGAGCCACUGA,hsa-mir-891a-5p,0,0,0,0,0,0,0,0
UUCCCUUUGUCAUCCUAUGCCU,hsa-mir-204-5p,0,0,0,0,0,0,0,0
CGAAAACAGCAAUUACCUUUGC,hsa-mir-570-5p,0,0,1,0,0,0,0,0
CAUCCCUUGCAUGGUGGAGGG,hsa-mir-188-5p,0,0,0,0,0,1,1,0
CUCCCACAUGCAGGGUUUGCA,hsa-mir-188-3p,0,0,0,0,0,0,0,0
UCUGGCUCCGUGUCUUCACUCCC,hsa-mir-149-5p,0,0,0,0,0,0,1,0
AAUAUAACACAGAUGGCCUGU,hsa-mir-410-5p,0,0,0,0,0,0,0,0
UGUCUUGCAGGCCGUCAUGCA,hsa-mir-431-5p,0,0,0,0,0,0,0,0
CAGGUCGUCUUGCAGGGCUUCU,hsa-mir-431-3p,0,0,0,0,0,0,0,0
GCCCCUGGGCCUAUCCUAGAA,hsa-mir-331-3p,0,0,0,0,0,0,0,0
CUAGGUAUGGUCCCAGGGAUCC,hsa-mir-331-5p,0,0,1,0,0,0,0,0
AAAAGUAAUUGCGGUUUUUGCC,hsa-mir-548c-5p,0,0,1,0,0,0,0,0
UCCUGUACUGAGCUGCCCCGAG,hsa-mir-486-5p,0,0,0,0,0,0,0,0
CGGGGCAGCUCAGUACAGGAU,hsa-mir-486-3p,0,0,0,0,0,0,0,0
AAAGCGCUUCCCUUCAGAGUG,hsa-mir-518e-5p,0,0,0,0,0,0,0,0
AAAGUGCAUCCUUUUAGAGUGU,hsa-mir-519a-5p,0,0,0,0,0,0,0,0
GAACGCGCUUCCCUAUAGAGGGU,hsa-mir-523-5p,0,0,0,0,0,0,0,0
AAAAUGGUUCCCUUUAGAGUGU,hsa-mir-522-5p,0,0,0,0,0,0,0,0
AAAGUGCAUCCUUUUAGAGGUU,hsa-mir-519b-5p,0,0,0,0,0,0,0,0
CUCUAGAGGGAAGCGCUUUCUG,hsa-mir-519c-5p,0,0,0,0,0,0,0,0
CUCUAGAGGGAAGCGCUUUCUG,hsa-mir-518e-3p,0,0,0,0,0,0,0,0
AGGCAGUGUAGUUAGCUGAUUGC,hsa-mir-34c-5p,0,0,0,0,0,0,0,0
AAUCACUAACCACACGGCCAGG,hsa-mir-34c-3p,0,0,0,0,0,0,0,0
UGGGUUUACGUUGGGAGAACU,hsa-mir-629-5p,0,1,1,0,0,0,0,0
GUUCUCCCAACGUAAGCCCAGC,hsa-mir-629-3p,0,0,0,0,0,0,0,0
AACUGUUUGCAGAGGAAACUGA,hsa-mir-452-5p,2,2,1,0,0,0,0,0
CUCAUCUGCAAAGAAGUAAGUG,hsa-mir-452-3p,0,0,0,0,0,0,0,0
UGGACGGAGAACUGAUAAGGGU,hsa-mir-184-5p,0,0,0,0,0,0,0,0
UACCCAUUGCAUAUCGGAGUUG,hsa-mir-660-5p,0,0,0,0,0,0,1,0
CUGCCCUGGCCCGAGGGACCGA,hsa-mir-874-5p,0,0,0,0,0,0,0,0
GAACGGCUUCAUACAGGAGUU,hsa-mir-337-5p,0,0,0,0,0,0,0,0
CUCCUAUAUGAUGCCUUUCUUC,hsa-mir-337-3p,0,0,0,0,0,0,0,0
UGAGAACUGAAUUCCAUAGGCU,hsa-mir-146b-5p,0,0,0,0,0,0,0,0
UGCCCUGUGGACUCAGUUCUGG,hsa-mir-146b-3p,0,0,0,0,0,0,0,0
UCUUGGAGUAGGUCAUUGGGUGG,hsa-mir-432-5p,0,0,0,0,0,0,0,0
UACUCAAAAAGCUGUCAGUCA,hsa-mir-888-5p,0,0,0,0,0,0,0,0
GACUGACACCUCUUUGGGUGAA,hsa-mir-888-3p,0,0,0,0,0,0,0,0
GAAAGCGCUUCUCUUUAGAGG,hsa-mir-518f-5p,0,0,0,0,0,0,0,0
CUCUAGAGGGAAGCACUUUCUC,hsa-mir-518f-3p,0,0,0,0,0,0,0,0
GCCUGCUGGGGUGGAACCUGGU,hsa-mir-370-5p,0,0,0,0,0,0,0,0
UUCAACGGGUAUUUAUUGAGCA,hsa-mir-95-5p,0,0,0,0,0,0,3,0
UGGAAUGUAAGGAAGUGUGUGG,hsa-mir-206-5p,0,0,0,0,0,0,3,0
CCAUGGAUCUCCAGGUGGGU,hsa-mir-490-5p,0,0,0,0,0,0,0,0
GCAGGAACUUGUGAGUCUCCU,hsa-mir-873-5p,0,0,0,0,0,0,0,0
AACGCACUUCCCUUUAGAGUGU,hsa-mir-521-5p,0,0,0,0,0,0,0,0
CUACAAAGGGAAGCACUUUCUC,hsa-mir-524-5p,0,0,0,0,0,0,0,0
GAGGGUUGGGUGGAGGCUCUCC,hsa-mir-296-3p,0,0,0,0,0,0,1,1
AGGGCCCCCCCUCAAUCCUGU,hsa-mir-296-5p,0,0,0,0,0,0,0,0
UUUGGUCCCCUUCAACCAGCUG,hsa-mir-133a-5p,0,0,0,0,0,0,0,0
CACUGGCUCCUUUCUGGGUAGA,hsa-mir-892b-5p,0,0,0,0,0,0,0,0
GAAUGUUGCUCGGUGAACCCCU,hsa-mir-409-3p,0,0,0,0,0,0,0,0
AGGUUACCCGAGCAACUUUGCAU,hsa-mir-409-5p,0,0,0,0,0,0,0,0
UAAUACUGUCUGGUAAAACCGU,hsa-mir-429-5p,0,0,0,0,0,0,0,0
AAUCCUUGGAACCUAGGUGUGAGU,hsa-mir-362-5p,0,0,0,1,0,0,0,0
AACACACCUAUUCAAGGAUUCA,hsa-mir-362-3p,0,0,0,0,0,0,0,0
GAAGGCGCUUCCCUUUAGAGCG,hsa-mir-525-3p,0,0,0,0,0,0,0,0
CUCCAGAGGGAUGCACUUUCU,hsa-mir-525-5p,0,0,0,0,0,0,0,0
UGAAGGUCUACUGUGUGCCAGG,hsa-mir-493-5p,0,0,0,0,0,0,0,0
UUGUACAUGGUAGGCUUUCAUU,hsa-mir-493-3p,0,0,0,0,0,0,0,0
CAAAGUGCCUCCCUUUAGAGUG,hsa-mir-519d-5p,0,0,0,0,0,0,0,0
CUCUUGAGGGAAGCACUUUCUGU,hsa-mir-526b-5p,0,0,0,0,0,0,0,0
GAAAGUGCUUCCUUUUAGAGGC,hsa-mir-526b-3p,0,0,0,0,0,0,0,0
UGAUAUGUUUGAUAUAUUAGGU,hsa-mir-190-5p,1,0,0,0,0,0,0,0
UUCUCCAAAAGAAAGCACUUUCUG,hsa-mir-515-5p,0,0,0,0,0,0,0,0
GAGUGCCUUCUUUUGGAGCGUU,hsa-mir-515-3p,0,0,0,0,0,0,0,0
UACUGCAGACGUGGCAAUCAUG,hsa-mir-509-5p,0,0,0,0,0,0,0,0
UGAUUGGUACGUCUGUGGGUAG,hsa-mir-509-3p,0,0,0,0,0,0,0,0
ACCAGGAGGCUGAGGCCCCU,hsa-mir-665-5p,0,0,0,0,0,0,0,0
UACUGCAUCAGGAACUGAUUGGA,hsa-mir-217-5p,0,0,0,0,0,0,0,0
UAACUGGUUGAACAACUGAACC,hsa-mir-582-3p,1,1,0,0,0,0,0,0
UUACAGUUGUUCAACCAGUUACU,hsa-mir-582-5p,1,2,1,0,0,0,0,0
AUUGACACUUCUGUGAGUAGA,hsa-mir-514-5p,0,0,0,0,0,0,0,0
AUCAUAGAGGAAAAUCCAUGUU,hsa-mir-376b-5p,0,0,1,0,0,0,0,0
ACUCAAACUGUGGGGGCACU,hsa-mir-371-5p,0,0,0,0,0,0,0,0
AAGUGCCGCCAUCUUUUGAGUGU,hsa-mir-371-3p,0,0,0,0,0,0,0,0
AAGGUUACUUGUUAGUUCAGG,hsa-mir-872-5p,0,0,0,0,0,0,0,0
AUCGUGCAUCCUUUUAGAGUGU,hsa-mir-517c-5p,0,0,0,0,0,0,0,0
CUGGCCCUCUCUGCCCUUCCGU,hsa-mir-328-5p,0,0,0,0,0,0,0,0
UCGUGUCUUGUGUUGCAGCCGG,hsa-mir-187-5p,0,0,0,0,0,0,0,0
GGCUACAACACAGGACCCGGGC,hsa-mir-187-3p,0,0,0,0,0,0,0,0
AGGAAGCCCUGGAGGGGCUGGAG,hsa-mir-671-5p,0,0,0,0,0,0,0,0
UCCGGUUCUCAGGGCUCCACC,hsa-mir-671-3p,0,0,0,0,0,0,0,0
AAUCGUACAGGGUCAUCCACUU,hsa-mir-487b-5p,0,0,0,0,0,0,0,0
UUUAGGAUAAGCUUGACUUUUG,hsa-mir-651-5p,0,0,0,0,0,0,0,0
UACUUGGAAAGGCAUCAGUUG,hsa-mir-890-5p,0,0,0,0,0,0,0,0
UUCUCGAGGAAAGAAGCACUUUC,hsa-mir-516a-5p,0,0,0,0,0,0,0,0
UGAUUGUCCAAACGCAAUUCU,hsa-mir-219-5p,0,0,0,0,0,0,0,0
AGAAUUGUGGCUGGACAUCUGU,hsa-mir-219-3p,0,0,0,0,0,0,0,0
UAUGUGGGAUGGUAAACCGCUU,hsa-mir-299-3p,0,0,0,0,0,0,0,0
UGGUUUACCGUCCCACAUACAU,hsa-mir-299-5p,0,0,0,0,0,0,0,0
UCUCUGGGCCUGUGUCUUAGGC,hsa-mir-330-5p,0,0,0,0,0,0,0,0
GCAAAGCACACGGCCUGCAGAGA,hsa-mir-330-3p,0,0,0,0,0,0,0,0
UGGCAGUGUAUUGUUAGCUGGU,hsa-mir-449a-5p,0,0,0,0,0,0,0,0
AAUAAUACAUGGUUGAUCUUU,hsa-mir-369-3p,0,0,0,0,0,0,0,0
AGAUCGACCGUGUUAUAUUCGC,hsa-mir-369-5p,0,0,0,0,0,0,0,0
AGAGGCUGGCCGUGAUGAAUUC,hsa-mir-485-5p,0,0,0,0,0,0,0,0
GUCAUACACGGCUCUCCUCUCU,hsa-mir-485-3p,0,0,0,0,0,0,0,0
UGAGGUUGGUGUACUGUGUGUGA,hsa-mir-672-5p,0,0,0,0,0,0,0,0
AAAUCUCUGCAGGCAAAUGUGA,hsa-mir-216b-5p,0,0,0,0,0,0,0,0
UCAAAUGCUCAGACUCCUGUGGU,hsa-mir-105-5p,0,0,0,0,0,0,0,0
ACGGAUGUUUGAGCAUGUGCUA,hsa-mir-105-3p,0,0,0,0,0,0,0,0
GCGACCCAUACUUGGUUUCAG,hsa-mir-551b-5p,0,0,0,0,0,0,0,0
GAAAUCAAGCGUGGGUGAGACC,hsa-mir-551b-3p,1,0,0,0,0,0,0,0
UCGGGGAUCAUCAUGUCACGAGA,hsa-mir-542-5p,0,0,0,0,0,0,0,0
UGUGACAGAUUGAUAACUGAAA,hsa-mir-542-3p,0,0,0,0,0,1,0,0
AAACUCUACUUGUCCUUCUGAGU,hsa-mir-618-5p,0,0,0,0,0,0,0,0
AAUGCACCUGGGCAAGGAUUCA,hsa-mir-502-5p,0,0,0,0,0,0,0,0
AACAUUCAUUGUUGUCGGUGGGU,hsa-mir-181d-5p,0,0,0,0,0,0,0,0
GAAGUUGUUCGUGGUGGAUUCG,hsa-mir-382-5p,0,0,0,0,0,0,0,0
UGAAACAUACACGGGAAACCUC,hsa-mir-494-5p,0,0,0,0,0,0,0,0
UGAUUGUAGCCUUUUGGAGUAGA,hsa-mir-508-3p,0,0,0,0,0,0,0,0
UACUCCAGAGGGCGUCACUCAUG,hsa-mir-508-5p,0,0,0,0,0,0,0,0
UUUUGCGAUGUGUUCCUAAUAU,hsa-mir-450a-5p,1,0,0,0,0,0,0,0
GUGUGCGGAAAUGCUUCUGCUA,hsa-mir-147b-5p,0,0,0,0,0,0,0,0
UGAGAACCACGUCUGCUCUGAG,hsa-mir-589-5p,0,0,0,0,0,0,0,0
UCAGAACAAAUGCCGGUUCCCAGA,hsa-mir-589-3p,0,0,0,0,0,0,0,0
UCCGAGCCUGGGUCUCCCUCUU,hsa-mir-615-3p,0,0,0,0,0,0,1,0
GGGGGUCCCCGGUGCUCGGAUC,hsa-mir-615-5p,0,0,0,0,1,0,1,0
UGGUGGUUUACAAAGUAAUUCA,hsa-mir-876-3p,0,0,0,0,0,0,0,0
UGGAUUUCUUUGUGAAUCACCA,hsa-mir-876-5p,0,0,0,0,0,0,0,0
CACAAGGUAUUGGUAUUACCU,hsa-mir-624-5p,0,0,0,0,0,0,0,0
UAGUACCAGUACCUUGUGUUCA,hsa-mir-624-3p,0,0,0,0,0,0,0,0
GAAAGCGCUUCCCUUUGCUGGA,hsa-mir-518a-3p,0,0,0,0,0,0,0,0
CUGCAAAGGGAAGCCCUUUCA,hsa-mir-518a-5p,0,0,0,0,0,0,0,0
AAGAUGUGGAAAAAUUGGAAUC,hsa-mir-576-3p,0,1,0,0,0,0,0,0
AUUCUAAUUUCUCCACGUCUUU,hsa-mir-576-5p,0,0,0,0,0,0,0,1
UUAAGACUUGCAGUGAUGUUU,hsa-mir-499-5p,0,0,0,0,0,0,0,0
AACAUCACAGCAAGUCUGUGCU,hsa-mir-499-3p,0,0,0,0,0,0,0,0
UCCAUUACACUACCCUGCCUCU,hsa-mir-885-5p,0,0,0,0,0,0,0,0
AGGCAGCGGGGUGUAGUGGAUA,hsa-mir-885-3p,0,0,0,0,0,0,0,0
AUCAUGAUGGGCUCCUCGGUGU,hsa-mir-433-5p,0,0,0,0,0,0,0,0
CGGCUCUGGGUCUGUGGGGA,hsa-mir-760-5p,0,0,0,0,0,0,0,0
AAGUGCUGUCAUAGCUGAGGUC,hsa-mir-512-5p,0,0,0,0,0,0,0,0
AAAAGUAAUUGUGGUUUUUGCC,hsa-mir-548d-5p,0,0,0,0,0,0,0,0
CAAAAACCACAGUUUCUUUUGC,hsa-mir-548d-3p,0,0,0,0,0,0,0,0
UUUGGUCCCCUUCAACCAGCUA,hsa-mir-133b-5p,0,0,0,0,0,0,0,0
CACUGUGUCCUUUCUGCGUAG,hsa-mir-892a-5p,0,0,0,0,0,0,0,0
AACACACCUGGUUAACCUCUUU,hsa-mir-329-5p,0,0,0,0,0,0,0,0
GCACUGAGAUGGGAGUGGUGUA,hsa-mir-674-5p,0,0,0,0,0,0,0,0
CACAGCUCCCAUCUCAGAACAA,hsa-mir-674-3p,0,0,0,0,0,0,0,0
AAACAAACAUGGUGCACUUCUU,hsa-mir-495-5p,0,0,0,0,0,0,0,0
UAUGUCUGCUGACCAUCACCUU,hsa-mir-654-3p,0,0,0,0,0,0,0,0
UGGUGGGCCGCAGAACAUGUGC,hsa-mir-654-5p,0,0,0,0,0,0,0,0
AUAAUACAUGGUUAACCUCUUU,hsa-mir-655-5p,0,0,0,0,0,0,0,0
UGCAACUUACCUGAGUCAUUGA,hsa-mir-891b-5p,0,0,0,0,0,0,0,0
UUUUGCAAUAUGUUCCUGAAUA,hsa-mir-450b-5p,0,0,0,0,0,0,0,0
UUGGGAUCAUUUUGCAUCCAUA,hsa-mir-450b-3p,0,0,0,0,0,0,0,0
UUUGUGACCUGGUCCACUAACC,hsa-mir-758-5p,0,0,0,0,0,0,0,0
CACAUUACACGGUCGACCUCU,hsa-mir-323-3p,0,0,0,0,0,0,0,0
AGGUGGUCCGUGGCGCGUUCGC,hsa-mir-323-5p,0,0,0,0,0,0,0,0
UUAAUAUCGGACAACCAUUGU,hsa-mir-889-5p,0,0,0,0,0,0,0,0
GUGAACGGGCGCCAUCCCGAGG,hsa-mir-887-5p,0,0,0,0,0,0,0,0
AUAAGACGAACAAAAGGUUUGU,hsa-mir-208b-5p,0,0,0,0,0,0,0,0
GUGAGUCUCUAAGAAAAGAGGA,hsa-mir-627-5p,0,0,0,0,0,0,0,0
AAUCAUACAGGGACAUCCAGUU,hsa-mir-487a-5p,0,0,0,0,0,0,0,0
UCUAGUAAGAGUGGCAGUCGA,hsa-mir-628-3p,0,0,0,0,0,0,0,0
AUGCUGACAUAUUUACUAGAGG,hsa-mir-628-5p,0,0,0,0,0,0,0,0
AGAUCAGAAGGUGAUUGUGGCU,hsa-mir-383-5p,0,0,0,0,0,0,0,0
GGAGAAAUUAUCCUUGGUGUGU,hsa-mir-539-5p,0,0,0,0,0,0,0,0
AAAGUGCUUCCUUUUAGAGGGU,hsa-mir-520c-3p,0,0,0,0,0,0,0,0
CUCUAGAGGGAAGCACUUUCUG,hsa-mir-518d-5p,0,0,0,0,0,0,0,0
CAAAGCGCUUCCCUUUGGAGCG,hsa-mir-518d-3p,0,0,0,0,0,0,0,0
CAAGAACCUCAGUUGCUUUUGU,hsa-mir-548b-3p,0,0,0,0,0,0,0,1
AAAAGUAAUUGUGGUUUUGGCC,hsa-mir-548b-5p,0,0,0,0,0,0,0,1
AUGACCUAUGAAUUGACAGAC,hsa-mir-215-5p,0,0,0,0,0,0,0,0
CUCCAGAGGGAAGUACUUUCU,hsa-mir-520a-5p,0,0,0,0,0,0,0,0
AAAGUGCUUCCCUUUGGACUGU,hsa-mir-520a-3p,0,0,0,0,0,0,0,0
CUACAAAGGGAAGCCCUUUC,hsa-mir-520d-5p,0,0,0,0,0,0,0,0
AAAGUGCUUCUCUUUGGUGGGU,hsa-mir-520d-3p,0,0,0,0,0,0,0,0
UUAUGGUUUGCCUGGGACUGAG,hsa-mir-584-5p,0,0,0,0,0,0,0,0
UUCACAGGGAGGUGUCAU,hsa-mir-513-5p,0,0,0,0,0,0,0,0
UAAAUUUCACCUUUCUGAGAAGG,hsa-mir-513-3p,0,0,0,0,0,0,0,0
UUCAUUUGGUAUAAACCGCGAUU,hsa-mir-579-5p,0,0,0,0,0,0,0,0
UUUCAAGCCAGGGGGCGUUUUUC,hsa-mir-498-5p,0,0,0,0,0,0,0,0
UACUCAGGAGAGUGGCAAUCAC,hsa-mir-510-5p,0,0,0,0,0,0,0,0
AGUGGGGAACCCUUCCAUGAGG,hsa-mir-491-5p,0,0,0,0,0,0,0,0
CUUAUGCAAGAUUCCCUUCUAC,hsa-mir-491-3p,0,0,0,0,0,0,0,0
AGUGCCUGAGGGAGUAAGAGCCC,hsa-mir-550-5p,0,0,0,0,0,0,0,0
UAUUCAGAUUAGUGCCAGUCAUG,hsa-mir-871-5p,0,0,0,0,0,0,0,0
AGGCAGUGUAUUGUUAGCUGGC,hsa-mir-449b-5p,0,0,0,0,0,0,0,0
GAUGAGCUCAUUGUAAUAUGAG,hsa-mir-556-5p,0,0,0,0,0,0,0,0
AUAUUACCAUUAGCUCAUCUUU,hsa-mir-556-3p,0,0,0,0,0,0,0,0
UAUGUAAUAUGGUCCACAUCUU,hsa-mir-380-5p,0,0,0,0,0,0,0,0
AUGGUUGACCAUAGAACAUGCG,hsa-mir-380-3p,0,0,0,0,0,0,0,0
AAGUGCCUCCUUUUAGAGUGUU,hsa-mir-519e-5p,0,0,0,0,0,0,0,0
CAAUCACUAACUCCACUGCCAU,hsa-mir-34b-5p,0,0,0,0,0,0,0,0
AGGCAGUGUCAUUAGCUGAUUGU,hsa-mir-34b-3p,0,0,0,0,0,0,0,0
UGUGUCACUCGAUGACCACUGU,hsa-mir-597-5p,0,0,0,0,0,0,0,0
AGACCCUGGUCUGCACUCUAUC,hsa-mir-504-5p,0,0,0,0,0,0,0,0
GUGUUGAAACAAUCUCUACUG,hsa-mir-653-5p,0,0,0,0,0,0,0,0
UGUCUCUGCUGGGGUUUCU,hsa-mir-593-5p,0,0,0,0,0,0,0,0
AGGCACCAGCCAGGCAUUGCUCAGC,hsa-mir-593-3p,0,0,0,0,0,0,0,0
ACAAAGUGCUUCCCUUUAGAGUGU,hsa-mir-520g-5p,0,0,0,0,0,0,0,0
AGUCAUUGGAGGGUUUGAGCAG,hsa-mir-616-5p,0,0,0,0,0,0,0,0
ACUCAAAACCCUUCAGUGACUU,hsa-mir-616-3p,0,0,0,0,0,0,0,0
GUCCCUCUCCAAAUGUGUCUUG,hsa-mir-642-5p,0,0,0,0,0,0,0,0
UAUACCUCAGUUUUAUCAGGUG,hsa-mir-875-5p,0,0,0,0,0,0,0,0
CCUGGAAACACUGAGGUUGUG,hsa-mir-875-3p,0,0,0,0,0,0,0,0
AAUCCUUUGUCCCUGGGUGAGA,hsa-mir-501-5p,0,0,0,0,0,0,0,0
AAUGCACCCGGGCAAGGAUUCU,hsa-mir-501-3p,0,0,0,0,0,0,0,0
AUUCUGCAUUUUUAGCAAGUUC,hsa-mir-544-5p,0,0,0,0,0,0,0,0
UUUUGCACCUUUUGGAGUGAA,hsa-mir-507-5p,0,0,0,0,0,0,0,0
AAAAGUAAUUGCGAGUUUUACC,hsa-mir-548a-5p,0,0,0,0,0,0,0,0
CAAAACUGGCAAUUACUUUUGC,hsa-mir-548a-3p,0,0,0,0,0,0,0,0
ACUGGACUUAGGGUCAGAAGGC,hsa-mir-422a-5p,0,0,0,0,0,0,0,0
GUGACAUCACAUAUACGGCAGC,hsa-mir-489-5p,0,0,0,0,0,0,0,0
CAAAGUUUAAGAUCCUUGAAGU,hsa-mir-561-5p,0,0,0,0,0,0,0,0
UACGUCAUCGUUGUCAUCGUCA,hsa-mir-598-5p,0,0,0,0,0,0,0,0
AGGUUGUCCGUGGUGAGUUCGCA,hsa-mir-453-5p,0,0,0,0,0,0,0,0
UGUGCUUGCUCGUCCCGCCCGCA,hsa-mir-636-5p,0,0,0,0,0,0,0,0
UGGUGGGCACAGAAUCUGGACU,hsa-mir-541-5p,0,0,0,0,0,0,0,0
AAAGGAUUCUGCUGUCGGUCCCACU,hsa-mir-541-3p,0,0,0,0,0,0,0,0
GGUCCAGAGGGGAGAUAGGUUC,hsa-mir-198-5p,0,0,0,0,0,0,0,0
UGAGUAUUACAUGGCCAAUCUCU,hsa-mir-496-5p,0,0,0,0,0,0,0,0
AACAGGUGACUGGUUAGACAA,hsa-mir-552-3p,0,0,0,0,0,0,0,0
GGGCGCCUGUGAUCCCAAC,hsa-mir-566-5p,0,0,0,0,0,0,0,0
AAACCUGUGUUGUUCAAGAGUC,hsa-mir-649-3p,0,0,0,0,0,0,0,0
AGGGUAAGCUGAACCUCUGAU,hsa-mir-555-3p,0,0,0,0,0,0,0,0
AGGACCUGCGGGACAAGAUUCUU,hsa-mir-492-5p,0,0,0,0,0,0,0,0
AGGGAUCGCGGGCGGGUGGCGGCCU,hsa-mir-638-5p,0,0,0,0,0,0,0,0
UUCACCUGGUCCACUAGCCG,hsa-mir-412-3p,0,0,0,0,0,0,0,0
UUGGCCACAAUGGGUUAGAAC,hsa-mir-588-5p,0,0,0,0,0,0,0,0
AGGAGGCAGCGCUCUCAGGAC,hsa-mir-650-5p,0,0,0,0,0,0,0,0
AUGAUCCAGGAACCUGCCUCU,hsa-mir-640-3p,0,0,0,0,0,0,0,0
AAGCCUGCCCGGCUCCUCGGG,hsa-mir-596-5p,0,0,0,0,0,0,0,0
GACCUGGACAUGUUUGUGCCCAGU,hsa-mir-619-3p,0,0,0,0,0,0,0,0
AAACAUUCGCGGUGCACUUCUU,hsa-mir-543-3p,0,0,0,0,0,0,0,0
ACUUGUAUGCUAGCUCAGGUAG,hsa-mir-643-3p,0,0,0,0,0,0,0,0
CACACACUGCAAUUACUUUUGC,hsa-mir-603-3p,0,0,0,0,0,0,0,0
GACACGGGCGACAGCUGCGGCCC,hsa-mir-602-5p,0,0,0,0,0,0,0,0
AGGUUGACAUACGUUUCCC,hsa-mir-563-3p,0,0,0,0,0,0,0,0
UGAGCUGCUGUACCAAAAU,hsa-mir-558-3p,0,0,0,0,0,0,0,0
UGCCUGGGUCUCUGGCCUGCGCGU,hsa-mir-661-3p,0,0,0,0,0,0,0,0
AGUACCACGUGUCAGGGCCACA,hsa-mir-770-5p,0,0,0,0,0,0,0,0
CGUGGGCCUGAUGUGGUGCUGG,hsa-mir-770-3p,0,0,0,0,0,0,0,0
AGGGUGUUUCUCUCAUCUCU,hsa-mir-609-5p,0,0,0,0,0,0,0,0
GGCAGGUUCUCACCCUCUCUAGG,hsa-mir-657-3p,0,0,0,0,0,0,0,0
AAAGUGCUUCCCUUUAGAGUUA,hsa-mir-520h-3p,0,0,0,0,0,0,0,0
GUGUCUUUUGCUCUGCAGUCA,hsa-mir-511-5p,0,0,0,0,0,0,0,0
GAAGUGUGCCGUGGUGUGUCU,hsa-mir-595-3p,0,0,0,0,0,0,0,0
AGUUAAUGAAUCCUGGAAAGU,hsa-mir-569-3p,0,0,0,0,0,0,0,0
AGGAAUGUUCCUUCUUUGCC,hsa-mir-613-3p,0,0,0,0,0,0,0,0
UCAGUAACAAAGAUUCAUCCUU,hsa-mir-802-5p,0,0,0,0,0,0,0,0
CAAAGAGGAAGGUCCCAUUAC,hsa-mir-583-5p,0,0,0,0,0,0,0,0
CCACACCGUAUCUGACACUUU,hsa-mir-220-5p,0,0,0,0,0,0,0,0
GUGUGUGGAAAUGCUUCUGCUA,hsa-mir-147a-3p,0,0,0,0,0,0,0,0
UUUAAACAAUUCCUAGACAAUAU,hsa-mir-384-5p,0,0,0,0,0,0,0,0
AUUCCUAGAAAUUGUUCAUAAU,hsa-mir-384-3p,0,0,0,0,0,0,0,0
GCGAGGACCCCUCGGGGUCUGAC,hsa-mir-611-3p,0,0,0,0,0,0,0,0
CUGAAGUGAUGUGUAACUGAUCAG,hsa-mir-573-5p,0,0,0,0,0,0,0,0
GAGCCAGUUGGACAGGAGC,hsa-mir-575-3p,0,0,0,0,0,0,0,0
AAAACGGUGAGAUUUUGUUUU,hsa-mir-553-5p,0,0,0,0,0,0,0,0
GGCGGAGGGAAGUAGGUCCGUUGGU,hsa-mir-658-3p,0,0,0,0,0,0,0,0
AGGCUGCGGAAUUCAGGAC,hsa-mir-604-3p,0,0,0,0,0,0,0,0
ACUGGGGGCUUUCGGGCUCUGCGU,hsa-mir-637-3p,0,0,0,0,0,0,0,0
UUGAGAAUGAUGAAUCAUUAGG,hsa-mir-580-3p,0,0,0,0,0,0,0,0
AGGCACGGUGUCAGCAGGC,hsa-mir-564-5p,0,0,0,0,0,0,0,0
UGAGCUAAAUGUGUGCUGGGA,hsa-mir-610-5p,0,0,0,0,0,0,0,0
CUAAUAGUAUCUACCACAAUAAA,hsa-mir-633-3p,0,0,0,0,0,0,0,0
AAAGUAGCUGUACCAUUUGC,hsa-mir-562-3p,0,0,0,0,0,0,0,0
GAACGCCUGUUCUUGCCAGGUGG,hsa-mir-614-3p,0,0,0,0,0,0,0,0
CCUAGUAGGUGUCCAGUAAGUGU,hsa-mir-325-5p,0,0,0,0,0,0,0,0
UUUAUUGAGGACCUCCUAUCAA,hsa-mir-325-3p,0,0,0,0,0,0,0,0
AACCAGCACCCCAACUUUGGAC,hsa-mir-634-3p,0,0,0,0,0,0,0,0
AGUGUGGCUUUCUUAGAGC,hsa-mir-644-3p,0,0,0,0,0,0,0,0
UAUGCAUUGUAUUUUUAGGUCC,hsa-mir-586-5p,0,0,0,0,0,0,0,0
ACUUACAGACAAGAGCCUUGCUC,hsa-mir-600-3p,0,0,0,0,0,0,0,0
AGUAUUCUGUACCAGGGAAGGU,hsa-mir-630-3p,0,0,0,0,0,0,0,0
AGCAGAAGCAGGGAGGUUCUCCCA,hsa-mir-298-5p,0,0,0,0,0,0,0,0
ACAGUCUGCUGAGGUUGGAGC,hsa-mir-622-3p,0,0,0,0,0,0,0,0
CCACCACCGUGUCUGACACUU,hsa-mir-220b-5p,0,0,0,0,0,0,0,0
AGCUGUCUGAAAAUGUCUU,hsa-mir-626-3p,0,0,0,0,0,0,0,0
CUUGGUUCAGGGAGGGUCCCCA,hsa-mir-659-3p,0,0,0,0,0,0,0,0
UGGGCGUAUCUGUAUGCUA,hsa-mir-585-3p,0,0,0,0,0,0,0,0
AUCGCUGCGGUUGCGAGCGCUGU,hsa-mir-639-3p,0,0,0,0,0,0,0,0
AUGUAUAAAUGUAUACACAC,hsa-mir-568-5p,0,0,0,0,0,0,0,0
AGACUUCCCAUUUGAAGGUGGC,hsa-mir-617-5p,0,0,0,0,0,0,0,0
ACACAGGGCUGUUGUGAAGACU,hsa-mir-220c-5p,0,0,0,0,0,0,0,0
UUCCCUUUGUCAUCCUUCGCCU,hsa-mir-211-5p,0,0,0,0,0,0,0,0
AUCCCUUGCAGGGGCUGUUGGGU,hsa-mir-623-5p,0,0,0,0,0,0,0,0
AAAGACAUAGGAUAGAGUCACCUC,hsa-mir-641-5p,0,0,0,0,0,0,0,0
GUUUGCACGGGUGGGCCUUGUCU,hsa-mir-557-3p,0,0,0,0,0,0,0,0
UAACAGUCUCCAGUCACGGCCA,hsa-mir-212-3p,0,0,0,0,0,0,0,0
UCUAGGCUGGUACUGCUGA,hsa-mir-645-3p,0,0,0,0,0,0,0,0
GUGUCUGCUUCCUGUGGGA,hsa-mir-632-3p,0,0,0,0,0,0,0,0
AGUAUGUUCUUCCAGGACAGAAC,hsa-mir-567-5p,0,0,0,0,0,0,0,0
UAAAUCCCAUGGUGCCUUCUCCU,hsa-mir-605-5p,0,0,0,0,0,0,0,0
AUAAGACGAGCAAAAAGCUUGU,hsa-mir-208-3p,0,0,0,0,0,0,0,0
UUGCAUAUGUAGGAUGUCCCAU,hsa-mir-448-3p,0,0,0,0,0,0,0,0
GGCUAGCAACAGCGCUUACCU,hsa-mir-621-3p,0,0,0,0,0,0,0,0
AAGUGUGCAGGGCACUGGU,hsa-mir-648-5p,0,0,0,0,0,0,0,0
UUGUGUCAAUAUGCGAUGAUGU,hsa-mir-592-5p,0,0,0,0,0,0,0,0
UGAUAUGUUUGAUAUUGGGUU,hsa-mir-190b-5p,0,0,0,0,0,0,0,0
AAAGUGCUUCCUUUUUGAGGGU,hsa-mir-520e-3p,0,0,0,0,0,0,0,0
GUUCAAAUCCAGAUCUAUAAC,hsa-mir-607-3p,0,0,0,0,0,0,0,0
UAGAUAAAAUAUUGGUACCUG,hsa-mir-577-5p,0,0,0,0,0,0,0,0
UUUCCAUAGGUGAUGAGUCAC,hsa-mir-587-5p,0,0,0,0,0,0,0,0
UAAGGCACCCUUCUGAGUAGA,hsa-mir-506-3p,0,0,0,0,0,0,0,0
AGACCUGGCCCAGACCUCAGC,hsa-mir-631-5p,0,0,0,0,0,0,0,0
GUCCGCUCGGCGGUGGCCCA,hsa-mir-572-3p,0,0,0,0,0,0,0,0
CUUCUUGUGCUCUAGGAUUGU,hsa-mir-578-3p,0,0,0,0,0,0,0,0
UAUACAAGGGCAGACUCUCUCU,hsa-mir-300-3p,0,0,0,0,0,0,0,0
AGACCAUGGGUUCUCAUUGU,hsa-mir-591-5p,0,0,0,0,0,0,0,0
UGACAACUAUGGAUGAGCUCU,hsa-mir-549-3p,0,0,0,0,0,0,0,0
UGGUCUAGGAUUGUUGGAGGAG,hsa-mir-601-5p,0,0,0,0,0,0,0,0
UCUUGUGUUCUCUAGAUCAGU,hsa-mir-581-5p,0,0,0,0,0,0,0,0
GUGGCUGCACUCACUUCCUUC,hsa-mir-647-5p,0,0,0,0,0,0,0,0
UAAAGUAAAUAUGCACCAAAA,hsa-mir-559-5p,0,0,0,0,0,0,0,0
GCGACCCACUCUUGGUUUCCA,hsa-mir-551a-3p,0,0,0,0,0,0,0,0
UCCCACGUUGUGGCCCAGCAG,hsa-mir-662-3p,0,0,0,0,0,0,0,0
ACUUGGGCACUGAAACAAUGUCC,hsa-mir-635-5p,0,0,0,0,0,0,0,0
UGAGUUGGCCAUCUGAGUGAG,hsa-mir-571-3p,0,0,0,0,0,0,0,0
AAACUACUGAAAAUCAAAGAU,hsa-mir-606-3p,0,0,0,0,0,0,0,0
UGUCUGCCCGCAUGCCUGCCUCU,hsa-mir-346-5p,0,0,0,0,0,0,0,0
GCUAGUCCUGACUCAGCCAGU,hsa-mir-554-5p,0,0,0,0,0,0,0,0
AAGCAGCUGCCUCUGAGGC,hsa-mir-646-3p,0,0,0,0,0,0,0,0
AAUAUUAUACAGUCAACCUCU,hsa-mir-656-3p,0,0,0,0,0,0,0,0
GCUGGGCAGGGCUUCUGAGCUCCUU,hsa-mir-612-5p,0,0,0,0,0,0,0,0
AGGGGUGGUGUUGGGACAGCUCCGU,hsa-mir-608-5p,0,0,0,0,0,0,0,0
AUGGAGAUAGAUAUAGAAAU,hsa-mir-620-3p,0,0,0,0,0,0,0,0
UAACGGGAAGUGUGUAAGCACA,ebv-mir-bhrf1-5p,0,0,0,0,0,0,0,0
UAUCUUUUGCGGCAGAAAUUGA,ebv-mir-bhrf1-3p,0,0,0,1,0,0,0,0
UACGGUUUCCUAGAUUGUACAG,ebv-mir-bart8-5p,0,0,0,0,0,0,0,0
GUCACAAUCUAUGGGGUCGUAGA,ebv-mir-bart8-3p,0,0,0,0,0,0,0,0
UAAGGUUGGUCCAAUCCAUAGG,ebv-mir-bart6-5p,0,0,0,0,0,0,0,0
CGGGGAUCGGACUAGCCUUAGA,ebv-mir-bart6-3p,0,0,0,0,0,0,0,0
CGCACCACUAGUCACCAGGUGU,ebv-mir-bart3-5p,0,0,0,0,0,0,0,0
ACCUAGUGUUAGUGUUGUGCU,ebv-mir-bart3-3p,0,0,0,0,0,0,0,0
UAACUAGCCUUCCCGUGAGA,hcmv-mir-ul22a-5p,0,0,0,0,0,0,0,0
UCACCAGAAUGCUAGUUUGUAG,hcmv-mir-ul22a-3p,0,0,0,0,0,0,0,0
CAUCAUAGUCCAGUGUCCAGGG,ebv-mir-bart7-5p,0,0,0,0,0,0,0,0
CCUGGACCUUGACUAUGAAACA,ebv-mir-bart7-3p,0,0,0,0,0,0,0,0
UAGAAUACUGAGGCCUAGCUGA,kshv-mir-k12-3p,0,0,0,0,0,0,0,0
AGCUAAACCGCAGUACUCUAGG,kshv-mir-k12-5p,0,0,0,0,0,0,0,0
UUAGAUAGAGUGGGUGUGUGCUCU,ebv-mir-bart16-5p,0,0,0,0,0,0,0,0
ACGCACACCAGGCUGACUGCC,ebv-mir-bart11-3p,0,0,0,0,0,0,0,0
UCAGACAGUUUGGUGCGCUAGUUG,ebv-mir-bart11-5p,0,0,0,0,0,0,0,0
UAACACUUCAUGGGUCCCGUAGU,ebv-mir-bart9-5p,0,0,0,0,0,0,0,0
UACUGGACCCUGAAUUGGAAAC,ebv-mir-bart9-3p,0,0,0,0,0,0,0,0
UAAGAGGACGCAGGCAUACAAG,ebv-mir-bart17-5p,0,0,0,0,0,0,0,0
UGUAUGCCUGGUGUCCCCUUAGU,ebv-mir-bart17-3p,0,0,0,0,0,0,0,0
UUAUGAUAGGUGUGACGAUGUC,hcmv-mir-us5-5p,0,0,0,0,0,0,0,0
AACCGCUCAGUGGCUCGGACC,hcmv-mir-us25-5p,0,0,0,0,0,0,0,0
UCCGAACGCUAGGUCGGUUCUC,hcmv-mir-us25-3p,0,0,0,0,0,0,0,0
UCUUAGUGGAAGUGACGUGCUGUG,ebv-mir-bart1-5p,0,0,0,0,0,0,0,0
UAGCACCGCUAUCCACUAUGUC,ebv-mir-bart1-3p,0,0,0,0,0,0,0,0
UACAUAACCAUGGAGUUGGCUGU,ebv-mir-bart10-5p,0,0,0,0,0,0,0,0
GCCACCUCUUUGGUUCUGUACA,ebv-mir-bart10-3p,0,0,0,0,0,0,0,0
UUUUGUUUGCUUGGGAAUGCU,ebv-mir-bart19-3p,0,0,0,0,0,0,0,0
ACAUUCCCCGCAAACAUGACAUG,ebv-mir-bart19-5p,0,0,0,0,0,0,0,0
CAAGGUGAAUAUAGCUGCCCAUCG,ebv-mir-bart5-5p,0,0,0,0,0,0,0,0
UGUAACUUGCCAGGGACGGCUGA,ebv-mir-bart13-5p,0,0,0,0,0,0,0,0
AACCGGCUCGUGGCUCGUACAG,ebv-mir-bart13-3p,0,0,0,0,0,0,0,0
UGGUGUUGUCCCCCCGAGUGGC,kshv-mir-k12-10b-5p,0,0,0,0,0,0,0,0
GUCAGUGGUUUUGUUUCCUUGA,ebv-mir-bart15-5p,0,0,0,0,0,0,0,0
UAGUGUUGUCCCCCCGAGUGGC,kshv-mir-k12-10a-5p,0,0,0,0,0,0,0,0
UAUUUUCUGCAUUCGCCCUUGC,ebv-mir-bart2-5p,0,0,0,0,0,0,0,0
AAGGAGCGAUUUGGAGAAAAUAAA,ebv-mir-bart2-3p,0,0,0,0,0,0,0,0
GACCUGAUGCUGCUGGUGUGCU,ebv-mir-bart4-5p,0,0,0,0,0,0,0,0
AAGUGACGGUGAGAUCCAGGCU,hcmv-mir-ul112-5p,0,0,0,0,0,0,0,0
UAAAUGCUGCAGUAGUAGGGAU,ebv-mir-bart14-5p,0,0,0,0,0,0,0,0
UACCCUACGCUGCCGAUUUACA,ebv-mir-bart14-3p,0,0,0,0,0,0,0,0
UAGCACCGCUAUCCACUAUGUC,rlcv-mir-rl1-5p,0,0,0,0,0,0,0,0
UUUAGUGGAAGUGACGUGCUGUG,rlcv-mir-rl1-3p,0,0,0,0,0,0,0,0
UCCUGUGGUGUUUGGUGUGGUU,ebv-mir-bart12-5p,0,0,0,0,0,0,0,0
UCGUUGAAGACACCUGGAAAGA,hcmv-mir-ul36-5p,0,0,0,0,0,0,0,0
UUUCCAGGUGUUUUCAACGUGC,hcmv-mir-ul36-3p,0,0,0,0,0,0,0,0
UCAAGUUCGCACUUCCUAUACA,ebv-mir-bart18-5p,0,0,0,0,0,0,0,0
UAUCGGAAGUUUGGGCUUCGUC,ebv-mir-bart18-3p,0,0,0,0,0,0,0,0
UAGCAGGCAUGUCUUCAUUCC,ebv-mir-bart20-5p,0,0,0,0,0,0,0,0
CAUGAAGGCACAGCCUGUUACC,ebv-mir-bart20-3p,0,0,0,0,0,0,0,0
UCGUCCUCCCCUUCUUCACCG,hcmv-mir-ul148d-5p,0,0,0,0,0,0,0,0
GAUUGUGCCCGGACCGUGGGCG,hcmv-mir-us33-5p,0,0,0,0,0,0,0,0
UCACGGUCCGAGCACAUCCA,hcmv-mir-us33-3p,0,0,0,0,0,0,0,0
UAGAAAUGGCCGUACUUCCUUU,mghv-mir-m1-3p,0,0,0,0,0,0,0,0
AAAGGUGGAGGUGCGGUAACCU,mghv-mir-m1-5p,0,0,0,0,0,0,1,0
CGACAUGGACGUGCAGGGGGAU,hcmv-mir-us4-5p,0,0,0,0,0,0,0,0
UGCGUCUCGGCCUCGUCCAGA,hcmv-mir-ul70-5p,0,0,0,0,0,0,0,0
GGGGAUGGGCUGGCGCGCGG,hcmv-mir-ul70-3p,0,0,0,0,0,0,0,0
