Sequence	miRNAName	CACO2	hsa_LungadenocA549mock	hsa_LungadenocA549IFNa	hsa_LungadenocA549IFNb	hsa_LungadenocA549IFNg	hsa_KidneyembryoHEK293	hsa_KidneyembryoHEK293exp	hsa_KidneyembryoHEK2936d	hsa_KidneyembryoHEK293Fas12
UGAGGUAGUAGGUUGUAUAGUU	hsa-let-7a-5p	3	59	44.8333	46	33.5	0	5	2	11
UGAGGUAGUAGGUUGUGUGGUU	hsa-let-7b-5p	0	35	19	12	10	0	0	0	1
UGAGGUAGUAGGUUGUAUGGUU	hsa-let-7c-5p	0	3	3	0	2.5	0	1	0	1
AGAGGUAGUAGGUUGCAUAGUU	hsa-let-7d-5p	1	5	6	2.5	2	0	0	0	0
UGAGGUAGGAGGUUGUAUAGUU	hsa-let-7e-5p	1	15	9.5	8.5	5	0	1	0	2
UGAGGUAGUAGAUUGUAUAGUU	hsa-let-7f-5p	3	61	41.3333	34	28	0	0	5	8
UGAGGUAGUAGUUUGUACAGUU	hsa-let-7g-5p	9	0	3.33333	2.5	3	0	0	0	1
UGAGGUAGUAGUUUGUGCUGUU	hsa-let-7i-5p	1	25	26	22.5	31	0	0	0	0
UGGAAUGUAAAGAAGUAUGUAU	hsa-mir-1-5p	0	0	0	0	0	0	0	0	0
AACCCGUAGAUCCGAACUUGUG	hsa-mir-100-5p	0	2	1	1	0	0	0	0	0
UACAGUACUGUGAUAACUGAA	hsa-mir-101-5p	24	1	0	2	0	0	2	3	0
AGCAGCAUUGUACAGGGCUAUGA	hsa-mir-103-5p	238	1	1	0	2	0	1	4	3
AAAAGUGCUUACAGUGCAGGUAG	hsa-mir-106a-5p	2	0	0	0	0	0	0	0	0
UAAAGUGCUGACAGUGCAGAU	hsa-mir-106b-5p	48	2	4	4	1	1	4	5	16
AGCAGCAUUGUACAGGGCUAUCA	hsa-mir-107-5p	40	0	0	0	0	0	0	0	0
UACCCUGUAGAUCCGAAUUUGUG	hsa-mir-10a-5p	4	2	4	4	0	2	12	10	26
UACCCUGUAGAACCGAAUUUGUG	hsa-mir-10b-5p	0	1	0	0	0	0	1	6	11
UAAGGCACGCGGUGAAUGCC	hsa-mir-124-5p	0	0	0	0	0	0	1	3	1
UCCCUGAGACCCUUUAACCUGUGA	hsa-mir-125a-5p	1	2	0	1	2	0	1	1	0
UCCCUGAGACCCUAACUUGUGA	hsa-mir-125b-5p	0	2	3	0	1	0	0	0	0
UCGUACCGUGAGUAAUAAUGCG	hsa-mir-126-5p	3	4	4	3	6	0	2	0	2
UCACAGUGAACCGGUCUCUUU	hsa-mir-128a-5p	21	0	0	1	0	0	0	1	2
CAGUGCAAUGUUAAAAGGGCAU	hsa-mir-130a-5p	1	6	4	5	4	0	0	0	0
CAGUGCAAUGAUGAAAGGGCAU	hsa-mir-130b-5p	8	0	0	0	0	0	0	0	3
UAACAGUCUACAGCCAUGGUCG	hsa-mir-132-5p	0	0	0	0	1	0	0	1	2
UUUGGUCCCCUUCAACCAGCUG	hsa-mir-133a-5p	0	0	0	0	0	0	0	0	0
UAUGGCUUUUUAUUCCUAUGUGA	hsa-mir-135a-5p	0	0	0	0	0	0	0	0	0
UAUGGCUUUUCAUUCCUAUGUGA	hsa-mir-135b-5p	3	0	0	0	0	0	0	0	0
ACUCCAUUUGUUUUGAUGAUGGA	hsa-mir-136-5p	0	0	0	0	0	0	0	0	0
AGCUGGUGUUGUGAAUCAGGCCG	hsa-mir-138-5p	2	0	1	0	0	0	0	0	0
UCUACAGUGCACGUGUCUCCAG	hsa-mir-139-5p	1	0	0	0	0	0	0	0	0
CAGUGGUUUUACCCUAUGGUAG	hsa-mir-140-5p	0	8	17	5	14	1	4	3	9
UAACACUGUCUGGUAAAGAUGG	hsa-mir-141-5p	99	0	1	1	0	0	0	0	0
UGUAGUGUUUCCUACUUUAUGGA	hsa-mir-142-3p	2	0	0	0	0	0	3	1	0
CAUAAAGUAGAAAGCACUACU	hsa-mir-142-5p	0	0	0	1	0	0	26	6	0
UGAGAUGAAGCACUGUAGCUCU	hsa-mir-143-5p	0	0	0	0	0	0	0	1	0
UACAGUAUAGAUGAUGUACU	hsa-mir-144-5p	0	0	0	0	0	0	0	0	0
GUCCAGUUUUCCCAGGAAUCCCU	hsa-mir-145-5p	0	0	0	0	0	0	0	0	0
UGAGAACUGAAUUCCAUGGGUU	hsa-mir-146a-5p	0	0	0	0	0	0	0	0	0
UGAGAACUGAAUUCCAUAGGCU	hsa-mir-146b-5p	1	0	0	0	0	0	0	0	0
UCAGUGCACUACAGAACUUUGU	hsa-mir-148a-5p	4	0	0	0	0	0	0	1	0
UCAGUGCAUCACAGAACUUUGU	hsa-mir-148b-5p	1	0	0	0	0	0	0	0	0
UCUGGCUCCGUGUCUUCACUCCC	hsa-mir-149-5p	2	0	0	0	0	0	0	1	0
UCUCCCAACCCUUGUACCAGUG	hsa-mir-150-5p	0	0	0	0	0	0	1	0	0
UCGAGGAGCUCACAGUCUAGU	hsa-mir-151-5p	9	3	5	3	10	0	0	6	5
UCAGUGCAUGACAGAACUUGG	hsa-mir-152-5p	0	0	1	0	0	0	0	0	0
UUGCAUAGUCACAAAAGUGAUC	hsa-mir-153-5p	0	0	0	0	0	0	0	3	0
UAGGUUAUCCGUGUUGCCUUCG	hsa-mir-154-5p	0	0	0	0	0	0	0	0	0
UUAAUGCUAAUCGUGAUAGGGGU	hsa-mir-155-5p	4	0	0	0	0	0	0	0	0
UAGCAGCACAUAAUGGUUUGUG	hsa-mir-15a-5p	61	14	8	8	18	21	30	34	34
UAGCAGCACAUCAUGGUUUACA	hsa-mir-15b-5p	14	6	6	8	3	1	8	4	6
UAGCAGCACGUAAAUAUUGGCG	hsa-mir-16-5p	56	53	52	54	37	15	38	72	55
ACUGCAGUGAAGGCACUUGUAG	hsa-mir-17-3p	34	0	2	0	0	0	3	6	3
CAAAGUGCUUACAGUGCAGGUAG	hsa-mir-17-5p	32	3	6	5	7	9	16.5	28	17.8333
AACAUUCAACGCUGUCGGUGAGU	hsa-mir-181a-5p	16	1	2	1	2	0	1	1	3
AACAUUCAUUGCUGUCGGUGGGU	hsa-mir-181b-5p	11	2	1	1	2	0	1	1	1
AACAUUCAACCUGUCGGUGAGU	hsa-mir-181c-5p	0	0	0	0	0	0	0	0	0
AACAUUCAUUGUUGUCGGUGGGU	hsa-mir-181d-5p	0	0	0	0	0	0	0	0	0
UUUGGCAAUGGUAGAACUCACACU	hsa-mir-182-5p	32	7	4	3	7	0	3	2	4
UAUGGCACUGGUAGAAUUCACU	hsa-mir-183-5p	2	2	2	2	4	0	0	2	2
UGGACGGAGAACUGAUAAGGGU	hsa-mir-184-5p	1	0	0	0	0	0	0	0	0
UGGAGAGAAAGGCAGUUCCUGA	hsa-mir-185-5p	3	1	1	0	0	1	0	0	2
CAAAGAAUUCUCCUUUUGGGCU	hsa-mir-186-5p	7	3	8	2	5	1	2	7	18
CAUCCCUUGCAUGGUGGAGGG	hsa-mir-188-5p	7	0	0	0	0	0	1	1	0
UAAGGUGCAUCUAGUGCAGAUAG	hsa-mir-18a-5p	100	1	1.5	2.5	1	17	18.5	20	36
UAAGGUGCAUCUAGUGCAGUUAG	hsa-mir-18b-5p	0	0	0.5	0.5	0	0	0.5	0	0
UGAUAUGUUUGAUAUAUUAGGU	hsa-mir-190-5p	0	1	0	0	0	0	0	0	0
CAACGGAAUCCCAAAAGCAGCUG	hsa-mir-191-5p	37	7	6	5	5	3	4	8	5
CUGACCUAUGAAUUGACAGCC	hsa-mir-192-5p	154	8	10	7	9	0	0	0	0
UGGGUCUUUGCGGGCGAGAUGA	hsa-mir-193a-5p	164	0	1	0	0	0	0	0	0
AACUGGCCCUCAAAGUCCCGCU	hsa-mir-193b-5p	2	1	1	0	0	0	1	1	0
UGUAACAGCAACUCCAUGUGGA	hsa-mir-194-5p	222	6	4	8	4	0	0	0	0
UAGCAGCACAGAAAUAUUGGC	hsa-mir-195-5p	0	0	0	0	1	0	0	1	2
UAGGUAGUUUCAUGUUGUUGGG	hsa-mir-196a-5p	1	2	4	3	0	6	2	3	8
UAGGUAGUUUCCUGUUGUUGGG	hsa-mir-196b-5p	1	0	0	1	0	3	35	23	38
UUCACCACCUUCUCCACCCAGC	hsa-mir-197-5p	1	0	0	0	0	0	1	1	0
CCCAGUGUUCAGACUACCUGUUC	hsa-mir-199a-5p	0	0	0	0	0	0	0	0	0
CCCAGUGUUUAGACUAUCUGUUC	hsa-mir-199b-5p	0	0	0	0	0	0	0	0	0
UGUGCAAAUCUAUGCAAAACUGA	hsa-mir-19a-5p	19	9	11	7	5	3	24	21	69
UGUGCAAAUCCAUGCAAAACUGA	hsa-mir-19b-5p	29	1	12	10	8	14	16	25	80
UAACACUGUCUGGUAACGAUGU	hsa-mir-200a-5p	173	0	0	0	0	0	0	0	0
UAAUACUGCCUGGUAAUGAUGA	hsa-mir-200b-5p	144	0	0	0	0	0	0	0	0
UAAUACUGCCGGGUAAUGAUGGA	hsa-mir-200c-5p	267	0	0	0	0	0	0	0	2
GUGAAAUGUUUAGGACCACUAG	hsa-mir-203-5p	5	0	0	0	0	0	0	0	0
UUCCCUUUGUCAUCCUAUGCCU	hsa-mir-204-5p	0	0	0	0	0	0	0	0	0
UCCUUCAUUCCACCGGAGUCUG	hsa-mir-205-5p	5	0	0	0	0	0	0	0	0
UAAAGUGCUUAUAGUGCAGGUAG	hsa-mir-20a-5p	32	3	7	4	4	3	13	25	30.8333
CAAAGUGCUCAUAGUGCAGGUAG	hsa-mir-20b-5p	0	0	0	0	0	0	0.5	0	0.333333
UAGCUUAUCAGACUGAUGUUGA	hsa-mir-21-5p	2347	144	230	183	198	0	0	4	3
CUGUGCGUGUGACAGCGGCUGA	hsa-mir-210-5p	1	0	0	0	0	0	0	0	0
ACAGCAGGCACAGACAGGCAGU	hsa-mir-214-5p	0	0	0	0	0	0	1	0	0
AUGACCUAUGAAUUGACAGAC	hsa-mir-215-5p	19	0	0	0	0	0	0	0	0
UUGUGCUUGAUCUAACCAUGU	hsa-mir-218-5p	4	0	0	0	0	0	2	1	7
UGAUUGUCCAAACGCAAUUCU	hsa-mir-219-5p	1	0	0	0	0	0	0	0	0
AAGCUGCCAGUUGAAGAACUGU	hsa-mir-22-5p	165	0	10	5	6	0	2	3	4
AGCUACAUUGUCUGCUGGGUUUC	hsa-mir-221-5p	10	0	0	2	1	2	2	5	8
AGCUACAUCUGGCUACUGGGU	hsa-mir-222-5p	22	0	4	1	3	1	0	2	1
UGUCAGUUUGUCAAAUACCCCA	hsa-mir-223-5p	0	0	0	0	0	0	0	0	0
CAAGUCACUAGUGGUUCCGUU	hsa-mir-224-5p	1	1	5	4	3	0	0	0	0
AUCACAUUGCCAGGGAUUUCC	hsa-mir-23a-5p	35	8	9.5	14	8	0	0	1	0
AUCACAUUGCCAGGGAUUACC	hsa-mir-23b-5p	41	12	9.5	7	7	0	0	0	1
UGGCUCAGUUCAGCAGGAACAG	hsa-mir-24-5p	70	23	33	43	21	1	3	5	2
CAUUGCACUUGUCUCGGUCUGA	hsa-mir-25-5p	103	3	5	8	2	0	2	12	9
UUCAAGUAAUCCAGGAUAGGCU	hsa-mir-26a-5p	76	5	8	2	6	0	2	8	3.5
UUCAAGUAAUUCAGGAUAGGU	hsa-mir-26b-5p	17	3	6	5	6	0	0	5	2.5
UUCACAGUGGCUAAGUUCCGC	hsa-mir-27a-5p	50	16.5	26.5	25	22.5	0	0	1	0
UUCACAGUGGCUAAGUUCUGC	hsa-mir-27b-5p	21	28.5	32.5	40	17.5	0	2	4	0
AAGGAGCUCACAGUCUAUUGAG	hsa-mir-28-5p	12	2	5	3	4	0	2	1	0
AGGGCCCCCCCUCAAUCCUGU	hsa-mir-296-5p	2	0	0	0	0	0	0	0	0
UAUGUGGGAUGGUAAACCGCUU	hsa-mir-299-3p	0	0	0	0	0	0	0	0	0
UGGUUUACCGUCCCACAUACAU	hsa-mir-299-5p	0	0	0	0	0	0	0	0	0
UAGCACCAUCUGAAAUCGGUUA	hsa-mir-29a-5p	3	7	5	9	9	0	0	0	0
UAGCACCAUUUGAAAUCAGUGUU	hsa-mir-29b-5p	17	17	34	15	14	1	1	6	5
UAGCACCAUUUGAAAUCGGUUA	hsa-mir-29c-5p	7	1	3	2	1	0	0	1	4
CAGUGCAAUAGUAUUGUCAAAGC	hsa-mir-301-5p	18	0	0	1	0	0	0	0	0
UAAGUGCUUCCAUGUUUUGGUGA	hsa-mir-302a-5p	2	0	0	0	0	0	0	0	0
UAAGUGCUUCCAUGUUUUAGUAG	hsa-mir-302b-5p	12	0	0	0	0	0	0	0	0
UAAGUGCUUCCAUGUUUCAGUGG	hsa-mir-302c-5p	2	0	0	0	0	0	0	0	0
UAAGUGCUUCCAUGUUUGAGUGU	hsa-mir-302d-5p	2	0	0	0	0	0	0	0	0
CUUUCAGUCGGAUGUUUGCAGC	hsa-mir-30a-3p	0	1	1	3	2	0	0	0	0
UGUAAACAUCCUCGACUGGAAG	hsa-mir-30a-5p	5	11	12	12	10	1	2.5	2	1
UGUAAACAUCCUACACUCAGCU	hsa-mir-30b-5p	83	0	2	1	1	0	1	2	2
UGUAAACAUCCUACACUCUCAGC	hsa-mir-30c-5p	14	1	3	1	0	0	0	5	1
UGUAAACAUCCCCGACUGGAAG	hsa-mir-30d-5p	141	3	1	6	2	2	4.5	8	3
CUUUCAGUCGGAUGUUUACAGC	hsa-mir-30e-3p	2	0	0	0	0	0	0	0	0
UGUAAACAUCCUUGACUGGAAG	hsa-mir-30e-5p	30	4	8	2	7	1	3	7	7
AGGCAAGAUGCUGGCAUAGCU	hsa-mir-31-5p	5	10	14	11	12	0	0	3	2
UAUUGCACAUUACUAAGUUGCA	hsa-mir-32-5p	32	16	23	9	8	1	15	12	15
AAAAGCUGGGUUGAGAGGGCGA	hsa-mir-320-5p	7	0	4	3	7	0	2	1	2
AGGUGGUCCGUGGCGCGUUCGC	hsa-mir-323-5p	0	0	0	0	0	0	0	0	0
ACUGCCCCAGGUGCUGCUGGU	hsa-mir-324-3p	0	1	0	0	0	1	1	0	0
CGCAUCCCCUAGGGCAUUGGUGU	hsa-mir-324-5p	0	0	1	0	0	0	0	8	1
CCUCUGGGCCCUUCCUCCAGU	hsa-mir-326-5p	0	0	0	0	0	0	0	0	0
GUGCAUUGUAGUUGCAUUG	hsa-mir-33-5p	46	0	0	0	0	0	1	3	0
UCUCUGGGCCUGUGUCUUAGGC	hsa-mir-330-5p	0	0	0	0	0	0	0	0	0
CUAGGUAUGGUCCCAGGGAUCC	hsa-mir-331-5p	2	0	0	1	0	0	0	0	0
UCAAGAGCAAUAACGAAAAAUGU	hsa-mir-335-5p	40	1	1	0	2	0	0	0	0
AACAAUAUCCUGGUGCUGAGUG	hsa-mir-338-5p	20	0	0	0	0	0	0	0	0
UCCCUGUCCUCCAGGAGCUCACG	hsa-mir-339-5p	1	0	0	0	0	1	0	1	0
AGGGGUGCUAUCUGUGAUUGA	hsa-mir-342-5p	2	0	0	0	0	0	0	0	0
GCUGACUCCUAGUCCAGGGCUC	hsa-mir-345-5p	1	0	0	0	0	0	0	0	0
UGGCAGUGUCUUAGCUGGUUGU	hsa-mir-34a-5p	2	0	1	0	0	0	0	1	1
AGGCAGUGUAGUUAGCUGAUUGC	hsa-mir-34c-5p	0	0	0	0	0	0	0	0	0
UUAUCAGAAUCUCCAGGGGUAC	hsa-mir-361-5p	1	1	1	0	0	0	0	0	1
AAUCCUUGGAACCUAGGUGUGAGU	hsa-mir-362-5p	2	0	0	0	1	0	0	0	0
AAUUGCACGGUAUCCAUCUGUA	hsa-mir-363-5p	0	0	0	0	0	0	0	0	0
UAAUGCCCCUAAAAAUCCUUAU	hsa-mir-365-5p	1	0	1	4	1	0	0	1	0
AAUUGCACUUUAGCAAUGGUGA	hsa-mir-367-5p	4	0	0	0	0	0	0	0	0
ACUCAAACUGUGGGGGCACU	hsa-mir-371-5p	58	0	0	0	0	0	0	0	0
AAAGUGCUGCGACAUUUGAGCGU	hsa-mir-372-5p	265	0	0	0	0	0	0	0	0
GAAGUGCUUCGAUUUUGGGGUGU	hsa-mir-373-5p	247	0	0	0	0	0	0	0	0
UUAUAAUACAACCUGAUAAGUG	hsa-mir-374a-5p	26	9	3	7	8	0	1	5	1
UUUGUUCGUUCGGCUCGCGUGA	hsa-mir-375-5p	2	0	0	0	0	0	0	0	0
AUCACACAAAGGCAACUUUUGU	hsa-mir-377-5p	0	0	0	0	0	0	0	0	0
ACUGGACUUGGAGUCAGAAGG	hsa-mir-378-5p	0	0	2	2	0	0	1	4	12
UGGUAGACUAUGGAACGUAGG	hsa-mir-379-5p	0	0	0	0	0	0	0	0	0
UAUACAAGGGCAAGCUCUCUGU	hsa-mir-381-5p	0	0	0	0	0	0	0	0	0
GAAGUUGUUCGUGGUGGAUUCG	hsa-mir-382-5p	0	0	0	0	0	0	0	0	0
GAAUGUUGCUCGGUGAACCCCU	hsa-mir-409-3p	0	0	0	0	0	0	0	0	0
AAUAUAACACAGAUGGCCUGU	hsa-mir-410-5p	0	0	0	0	0	0	0	0	0
UGAGGGGCAGAGAGCGAGACUUU	hsa-mir-423-5p	4	2	0	3	0	0	0	0	2
CAGCAGCAAUUCAUGUUUUGAA	hsa-mir-424-5p	5	7	13	14	26	0	10	27	32
AAUGACACGAUCACUCCCGUUGA	hsa-mir-425-5p	5	3	2	0	2	0	3	6	3
UAAUACUGUCUGGUAAAACCGU	hsa-mir-429-5p	4	0	0	0	0	0	0	0	0
AAACCGUUACCAUUACUGAGUU	hsa-mir-451-5p	0	0	0	0	0	0	0	0	0
AACUGUUUGCAGAGGAAACUGA	hsa-mir-452-5p	2	2	2	1	0	0	0	0	0
UGAAACAUACACGGGAAACCUC	hsa-mir-494-5p	0	0	0	0	0	0	0	0	0
AAACAAACAUGGUGCACUUCUU	hsa-mir-495-5p	0	0	0	0	0	0	0	0	0
CAGCAGCACACUGUGGUUUGU	hsa-mir-497-5p	0	0	0	0	0	0	0	0	0
UUUCAAGCCAGGGGGCGUUUUUC	hsa-mir-498-5p	1	0	0	0	0	0	0	0	0
UUAAGACUUGCAGUGAUGUUU	hsa-mir-499-5p	0	0	0	0	0	0	0	0	0
AAUCCUUUGUCCCUGGGUGAGA	hsa-mir-501-5p	2	0	0	0	0	0	0	0	0
AAUGCACCUGGGCAAGGAUUCA	hsa-mir-502-5p	1	0	0	0	0	0	0	0	0
CGUCAACACUUGCUGGUUUCCU	hsa-mir-505-5p	2	0	1	1	1	0	0	0	0
UUUUGCACCUUUUGGAGUGAA	hsa-mir-507-5p	0	0	0	0	0	0	0	0	0
AUUGACACUUCUGUGAGUAGA	hsa-mir-514-5p	0	0	0	0	0	0	0	0	0
AUCGUGCAUCCCUUUAGAGUGU	hsa-mir-517a-5p	1	0	0	0	0	0	0	0	0
AUCGUGCAUCCUUUUAGAGUGU	hsa-mir-517c-5p	1	0	0	0	0	0	0	0	0
CAAAGCGCUCCCCUUUAGAGGU	hsa-mir-518b-5p	0	0	0	0	0	0	0	0	0
CUACAAAGGGAAGCCCUUUC	hsa-mir-520d-5p	0	0	0	0	0	0	0	0	0
ACAAAGUGCUUCCCUUUAGAGUGU	hsa-mir-520g-5p	0	0	0	0	0	0	0	0	0
AACGCACUUCCCUUUAGAGUGU	hsa-mir-521-5p	0	0	0	0	0	0	0	0	0
CUCCAGAGGGAUGCACUUUCU	hsa-mir-525-5p	1	0	0	0	0	0	0	0	0
UGGAAGACUAGUGAUUUUGUUGU	hsa-mir-7-5p	1	2	8	1	4	0	0	0	16
UCUUUGGUUAUCUAGCUGUAUGA	hsa-mir-9-5p	10	1	1	1	3	0	1	6	3
UAUUGCACUUGUCCCGGCCUGU	hsa-mir-92a-5p	93	5	7	5	5	2	9	43	39
CAAAGUGCUGUUCGUGCAGGUAG	hsa-mir-93-5p	28	4	2	3	4	3	7	16	2
UUCAACGGGUAUUUAUUGAGCA	hsa-mir-95-5p	0	0	0	0	0	0	0	3	0
UUUGGCACUAGCACAUUUUUGCU	hsa-mir-96-5p	5	1	2	6	2	0	0	6	3
UGAGGUAGUAAGUUGUAUUGUU	hsa-mir-98-5p	0	4	1	0	5	0	0	0	0
AACCCGUAGAUCCGAUCUUGUG	hsa-mir-99a-5p	1	1	0	0	3	2	0	4	0
CACCCGUAGAACCGACCUUGCG	hsa-mir-99b-5p	3	8	9	6	6	0	0	6	5
